,molecs,reads,passed,idx,directory
0,8524,8732,True,NH002,../data/nate
1,7078,7212,True,NH002,../data/nate
2,21,21,True,NH002,../data/nate
3,11,11,True,NH002,../data/nate
4,10,10,True,NH002,../data/nate
5,6,6,True,NH002,../data/nate
6,5,5,True,NH002,../data/nate
7,4,4,True,NH002,../data/nate
8,3,3,True,NH002,../data/nate
9,3,3,True,NH002,../data/nate
10,2,2,True,NH002,../data/nate
11,2,2,True,NH002,../data/nate
12,2,2,True,NH002,../data/nate
13,2,2,True,NH002,../data/nate
14,2,2,True,NH002,../data/nate
15,2,2,True,NH002,../data/nate
16,2,2,True,NH002,../data/nate
17,1,1,True,NH002,../data/nate
18,1,1,True,NH002,../data/nate
19,1,1,True,NH002,../data/nate
20,1,1,True,NH002,../data/nate
21,1,1,True,NH002,../data/nate
22,1,1,True,NH002,../data/nate
23,1,1,True,NH002,../data/nate
24,1,1,True,NH002,../data/nate
25,1,1,True,NH002,../data/nate
26,1,1,True,NH002,../data/nate
27,1,1,True,NH002,../data/nate
28,1,1,True,NH002,../data/nate
29,1,1,True,NH002,../data/nate
30,1,1,True,NH002,../data/nate
31,0,0,False,NH002,../data/nate
32,0,0,False,NH002,../data/nate
33,0,0,False,NH002,../data/nate
34,0,0,False,NH002,../data/nate
35,0,0,False,NH002,../data/nate
36,0,0,False,NH002,../data/nate
37,0,0,False,NH002,../data/nate
38,0,0,False,NH002,../data/nate
39,0,0,False,NH002,../data/nate
40,0,0,False,NH002,../data/nate
41,0,0,False,NH002,../data/nate
42,0,0,False,NH002,../data/nate
43,0,0,False,NH002,../data/nate
44,0,0,False,NH002,../data/nate
45,0,0,False,NH002,../data/nate
46,0,0,False,NH002,../data/nate
47,0,0,False,NH002,../data/nate
48,0,0,False,NH002,../data/nate
49,0,0,False,NH002,../data/nate
50,0,0,False,NH002,../data/nate
51,0,0,False,NH002,../data/nate
52,0,0,False,NH002,../data/nate
53,0,0,False,NH002,../data/nate
54,0,0,False,NH002,../data/nate
55,0,0,False,NH002,../data/nate
56,0,0,False,NH002,../data/nate
57,0,0,False,NH002,../data/nate
58,0,0,False,NH002,../data/nate
59,0,0,False,NH002,../data/nate
60,0,0,False,NH002,../data/nate
61,0,0,False,NH002,../data/nate
62,0,0,False,NH002,../data/nate
63,0,0,False,NH002,../data/nate
64,0,0,False,NH002,../data/nate
65,0,0,False,NH002,../data/nate
66,0,0,False,NH002,../data/nate
67,0,0,False,NH002,../data/nate
68,0,0,False,NH002,../data/nate
69,0,0,False,NH002,../data/nate
70,0,0,False,NH002,../data/nate
71,0,0,False,NH002,../data/nate
72,0,0,False,NH002,../data/nate
73,0,0,False,NH002,../data/nate
74,0,0,False,NH002,../data/nate
75,0,0,False,NH002,../data/nate
76,0,0,False,NH002,../data/nate
77,0,0,False,NH002,../data/nate
78,0,0,False,NH002,../data/nate
79,0,0,False,NH002,../data/nate
80,0,0,False,NH002,../data/nate
81,0,0,False,NH002,../data/nate
82,0,0,False,NH002,../data/nate
83,0,0,False,NH002,../data/nate
84,0,0,False,NH002,../data/nate
85,0,0,False,NH002,../data/nate
86,0,0,False,NH002,../data/nate
87,0,0,False,NH002,../data/nate
88,0,0,False,NH002,../data/nate
89,0,0,False,NH002,../data/nate
90,0,0,False,NH002,../data/nate
91,0,0,False,NH002,../data/nate
92,0,0,False,NH002,../data/nate
93,0,0,False,NH002,../data/nate
94,0,0,False,NH002,../data/nate
95,0,0,False,NH002,../data/nate
96,0,0,False,NH002,../data/nate
97,0,0,False,NH002,../data/nate
98,0,0,False,NH002,../data/nate
99,0,0,False,NH002,../data/nate
100,0,0,False,NH002,../data/nate
101,0,0,False,NH002,../data/nate
102,0,0,False,NH002,../data/nate
103,0,0,False,NH002,../data/nate
104,0,0,False,NH002,../data/nate
105,0,0,False,NH002,../data/nate
106,0,0,False,NH002,../data/nate
107,0,0,False,NH002,../data/nate
108,0,0,False,NH002,../data/nate
109,0,0,False,NH002,../data/nate
110,0,0,False,NH002,../data/nate
111,0,0,False,NH002,../data/nate
112,0,0,False,NH002,../data/nate
113,0,0,False,NH002,../data/nate
114,0,0,False,NH002,../data/nate
115,0,0,False,NH002,../data/nate
116,0,0,False,NH002,../data/nate
117,0,0,False,NH002,../data/nate
118,0,0,False,NH002,../data/nate
119,0,0,False,NH002,../data/nate
120,0,0,False,NH002,../data/nate
121,0,0,False,NH002,../data/nate
122,0,0,False,NH002,../data/nate
123,0,0,False,NH002,../data/nate
124,0,0,False,NH002,../data/nate
125,0,0,False,NH002,../data/nate
126,0,0,False,NH002,../data/nate
127,0,0,False,NH002,../data/nate
128,0,0,False,NH002,../data/nate
129,0,0,False,NH002,../data/nate
130,0,0,False,NH002,../data/nate
131,0,0,False,NH002,../data/nate
132,0,0,False,NH002,../data/nate
133,0,0,False,NH002,../data/nate
134,0,0,False,NH002,../data/nate
135,0,0,False,NH002,../data/nate
136,0,0,False,NH002,../data/nate
137,0,0,False,NH002,../data/nate
138,0,0,False,NH002,../data/nate
139,0,0,False,NH002,../data/nate
0,15605,16341,True,NH001,../data/nate
1,48,48,True,NH001,../data/nate
2,45,45,True,NH001,../data/nate
3,13,13,True,NH001,../data/nate
4,11,11,True,NH001,../data/nate
5,11,11,True,NH001,../data/nate
6,5,5,True,NH001,../data/nate
7,2,2,True,NH001,../data/nate
8,2,2,True,NH001,../data/nate
9,1,1,True,NH001,../data/nate
10,1,1,True,NH001,../data/nate
11,1,1,True,NH001,../data/nate
12,1,1,True,NH001,../data/nate
13,1,1,True,NH001,../data/nate
14,1,1,True,NH001,../data/nate
15,1,1,True,NH001,../data/nate
16,1,1,True,NH001,../data/nate
17,0,0,False,NH001,../data/nate
18,0,0,False,NH001,../data/nate
19,0,0,False,NH001,../data/nate
20,0,0,False,NH001,../data/nate
21,0,0,False,NH001,../data/nate
22,0,0,False,NH001,../data/nate
23,0,0,False,NH001,../data/nate
24,0,0,False,NH001,../data/nate
25,0,0,False,NH001,../data/nate
26,0,0,False,NH001,../data/nate
27,0,0,False,NH001,../data/nate
28,0,0,False,NH001,../data/nate
29,0,0,False,NH001,../data/nate
30,0,0,False,NH001,../data/nate
31,0,0,False,NH001,../data/nate
32,0,0,False,NH001,../data/nate
33,0,0,False,NH001,../data/nate
34,0,0,False,NH001,../data/nate
35,0,0,False,NH001,../data/nate
36,0,0,False,NH001,../data/nate
37,0,0,False,NH001,../data/nate
38,0,0,False,NH001,../data/nate
39,0,0,False,NH001,../data/nate
40,0,0,False,NH001,../data/nate
41,0,0,False,NH001,../data/nate
42,0,0,False,NH001,../data/nate
43,0,0,False,NH001,../data/nate
44,0,0,False,NH001,../data/nate
45,0,0,False,NH001,../data/nate
46,0,0,False,NH001,../data/nate
47,0,0,False,NH001,../data/nate
48,0,0,False,NH001,../data/nate
49,0,0,False,NH001,../data/nate
50,0,0,False,NH001,../data/nate
51,0,0,False,NH001,../data/nate
52,0,0,False,NH001,../data/nate
53,0,0,False,NH001,../data/nate
54,0,0,False,NH001,../data/nate
55,0,0,False,NH001,../data/nate
56,0,0,False,NH001,../data/nate
57,0,0,False,NH001,../data/nate
58,0,0,False,NH001,../data/nate
59,0,0,False,NH001,../data/nate
60,0,0,False,NH001,../data/nate
61,0,0,False,NH001,../data/nate
62,0,0,False,NH001,../data/nate
63,0,0,False,NH001,../data/nate
64,0,0,False,NH001,../data/nate
65,0,0,False,NH001,../data/nate
66,0,0,False,NH001,../data/nate
67,0,0,False,NH001,../data/nate
68,0,0,False,NH001,../data/nate
69,0,0,False,NH001,../data/nate
70,0,0,False,NH001,../data/nate
71,0,0,False,NH001,../data/nate
72,0,0,False,NH001,../data/nate
73,0,0,False,NH001,../data/nate
74,0,0,False,NH001,../data/nate
75,0,0,False,NH001,../data/nate
76,0,0,False,NH001,../data/nate
77,0,0,False,NH001,../data/nate
78,0,0,False,NH001,../data/nate
79,0,0,False,NH001,../data/nate
80,0,0,False,NH001,../data/nate
81,0,0,False,NH001,../data/nate
82,0,0,False,NH001,../data/nate
83,0,0,False,NH001,../data/nate
84,0,0,False,NH001,../data/nate
85,0,0,False,NH001,../data/nate
86,0,0,False,NH001,../data/nate
87,0,0,False,NH001,../data/nate
88,0,0,False,NH001,../data/nate
89,0,0,False,NH001,../data/nate
90,0,0,False,NH001,../data/nate
91,0,0,False,NH001,../data/nate
92,0,0,False,NH001,../data/nate
93,0,0,False,NH001,../data/nate
94,0,0,False,NH001,../data/nate
95,0,0,False,NH001,../data/nate
96,0,0,False,NH001,../data/nate
97,0,0,False,NH001,../data/nate
0,2915,2941,True,NH007,../data/nate
1,2710,2727,True,NH007,../data/nate
2,2569,2583,True,NH007,../data/nate
3,2460,2477,True,NH007,../data/nate
4,1847,1857,True,NH007,../data/nate
5,1731,1735,True,NH007,../data/nate
6,1079,1084,True,NH007,../data/nate
7,937,938,True,NH007,../data/nate
8,4,4,True,NH007,../data/nate
9,4,4,True,NH007,../data/nate
10,3,3,True,NH007,../data/nate
11,3,3,True,NH007,../data/nate
12,3,3,True,NH007,../data/nate
13,2,2,True,NH007,../data/nate
14,2,2,True,NH007,../data/nate
15,2,2,True,NH007,../data/nate
16,2,2,True,NH007,../data/nate
17,2,2,True,NH007,../data/nate
18,2,2,True,NH007,../data/nate
19,2,2,True,NH007,../data/nate
20,2,2,True,NH007,../data/nate
21,1,1,True,NH007,../data/nate
22,1,1,True,NH007,../data/nate
23,1,1,True,NH007,../data/nate
24,1,1,True,NH007,../data/nate
25,1,1,True,NH007,../data/nate
26,1,1,True,NH007,../data/nate
27,1,1,True,NH007,../data/nate
28,1,1,True,NH007,../data/nate
29,1,1,True,NH007,../data/nate
30,1,1,True,NH007,../data/nate
31,1,1,True,NH007,../data/nate
32,1,1,True,NH007,../data/nate
33,1,1,True,NH007,../data/nate
34,1,1,True,NH007,../data/nate
35,1,1,True,NH007,../data/nate
36,1,1,True,NH007,../data/nate
37,1,1,True,NH007,../data/nate
38,1,1,True,NH007,../data/nate
39,1,1,True,NH007,../data/nate
40,1,1,True,NH007,../data/nate
41,1,1,True,NH007,../data/nate
42,1,1,True,NH007,../data/nate
43,1,1,True,NH007,../data/nate
44,1,1,True,NH007,../data/nate
45,1,1,True,NH007,../data/nate
46,1,1,True,NH007,../data/nate
47,1,1,True,NH007,../data/nate
48,1,1,True,NH007,../data/nate
49,1,1,True,NH007,../data/nate
50,1,1,True,NH007,../data/nate
51,0,0,False,NH007,../data/nate
52,0,0,False,NH007,../data/nate
53,0,0,False,NH007,../data/nate
54,0,0,False,NH007,../data/nate
55,0,0,False,NH007,../data/nate
56,0,0,False,NH007,../data/nate
57,0,0,False,NH007,../data/nate
58,0,0,False,NH007,../data/nate
59,0,0,False,NH007,../data/nate
60,0,0,False,NH007,../data/nate
61,0,0,False,NH007,../data/nate
62,0,0,False,NH007,../data/nate
63,0,0,False,NH007,../data/nate
64,0,0,False,NH007,../data/nate
65,0,0,False,NH007,../data/nate
66,0,0,False,NH007,../data/nate
67,0,0,False,NH007,../data/nate
68,0,0,False,NH007,../data/nate
69,0,0,False,NH007,../data/nate
70,0,0,False,NH007,../data/nate
71,0,0,False,NH007,../data/nate
72,0,0,False,NH007,../data/nate
73,0,0,False,NH007,../data/nate
74,0,0,False,NH007,../data/nate
75,0,0,False,NH007,../data/nate
76,0,0,False,NH007,../data/nate
77,0,0,False,NH007,../data/nate
78,0,0,False,NH007,../data/nate
79,0,0,False,NH007,../data/nate
80,0,0,False,NH007,../data/nate
81,0,0,False,NH007,../data/nate
82,0,0,False,NH007,../data/nate
83,0,0,False,NH007,../data/nate
84,0,0,False,NH007,../data/nate
85,0,0,False,NH007,../data/nate
86,0,0,False,NH007,../data/nate
87,0,0,False,NH007,../data/nate
88,0,0,False,NH007,../data/nate
89,0,0,False,NH007,../data/nate
90,0,0,False,NH007,../data/nate
91,0,0,False,NH007,../data/nate
92,0,0,False,NH007,../data/nate
93,0,0,False,NH007,../data/nate
94,0,0,False,NH007,../data/nate
95,0,0,False,NH007,../data/nate
96,0,0,False,NH007,../data/nate
97,0,0,False,NH007,../data/nate
98,0,0,False,NH007,../data/nate
99,0,0,False,NH007,../data/nate
100,0,0,False,NH007,../data/nate
101,0,0,False,NH007,../data/nate
102,0,0,False,NH007,../data/nate
103,0,0,False,NH007,../data/nate
104,0,0,False,NH007,../data/nate
105,0,0,False,NH007,../data/nate
106,0,0,False,NH007,../data/nate
107,0,0,False,NH007,../data/nate
108,0,0,False,NH007,../data/nate
109,0,0,False,NH007,../data/nate
110,0,0,False,NH007,../data/nate
111,0,0,False,NH007,../data/nate
112,0,0,False,NH007,../data/nate
113,0,0,False,NH007,../data/nate
114,0,0,False,NH007,../data/nate
115,0,0,False,NH007,../data/nate
116,0,0,False,NH007,../data/nate
117,0,0,False,NH007,../data/nate
118,0,0,False,NH007,../data/nate
119,0,0,False,NH007,../data/nate
120,0,0,False,NH007,../data/nate
121,0,0,False,NH007,../data/nate
122,0,0,False,NH007,../data/nate
123,0,0,False,NH007,../data/nate
124,0,0,False,NH007,../data/nate
125,0,0,False,NH007,../data/nate
126,0,0,False,NH007,../data/nate
127,0,0,False,NH007,../data/nate
128,0,0,False,NH007,../data/nate
129,0,0,False,NH007,../data/nate
130,0,0,False,NH007,../data/nate
131,0,0,False,NH007,../data/nate
132,0,0,False,NH007,../data/nate
133,0,0,False,NH007,../data/nate
134,0,0,False,NH007,../data/nate
135,0,0,False,NH007,../data/nate
136,0,0,False,NH007,../data/nate
137,0,0,False,NH007,../data/nate
138,0,0,False,NH007,../data/nate
139,0,0,False,NH007,../data/nate
140,0,0,False,NH007,../data/nate
141,0,0,False,NH007,../data/nate
142,0,0,False,NH007,../data/nate
143,0,0,False,NH007,../data/nate
144,0,0,False,NH007,../data/nate
145,0,0,False,NH007,../data/nate
146,0,0,False,NH007,../data/nate
147,0,0,False,NH007,../data/nate
148,0,0,False,NH007,../data/nate
149,0,0,False,NH007,../data/nate
150,0,0,False,NH007,../data/nate
151,0,0,False,NH007,../data/nate
152,0,0,False,NH007,../data/nate
153,0,0,False,NH007,../data/nate
154,0,0,False,NH007,../data/nate
155,0,0,False,NH007,../data/nate
156,0,0,False,NH007,../data/nate
157,0,0,False,NH007,../data/nate
158,0,0,False,NH007,../data/nate
159,0,0,False,NH007,../data/nate
160,0,0,False,NH007,../data/nate
161,0,0,False,NH007,../data/nate
162,0,0,False,NH007,../data/nate
163,0,0,False,NH007,../data/nate
164,0,0,False,NH007,../data/nate
165,0,0,False,NH007,../data/nate
166,0,0,False,NH007,../data/nate
167,0,0,False,NH007,../data/nate
168,0,0,False,NH007,../data/nate
169,0,0,False,NH007,../data/nate
170,0,0,False,NH007,../data/nate
171,0,0,False,NH007,../data/nate
172,0,0,False,NH007,../data/nate
173,0,0,False,NH007,../data/nate
174,0,0,False,NH007,../data/nate
175,0,0,False,NH007,../data/nate
176,0,0,False,NH007,../data/nate
177,0,0,False,NH007,../data/nate
178,0,0,False,NH007,../data/nate
179,0,0,False,NH007,../data/nate
180,0,0,False,NH007,../data/nate
181,0,0,False,NH007,../data/nate
182,0,0,False,NH007,../data/nate
183,0,0,False,NH007,../data/nate
184,0,0,False,NH007,../data/nate
185,0,0,False,NH007,../data/nate
186,0,0,False,NH007,../data/nate
187,0,0,False,NH007,../data/nate
188,0,0,False,NH007,../data/nate
189,0,0,False,NH007,../data/nate
190,0,0,False,NH007,../data/nate
191,0,0,False,NH007,../data/nate
192,0,0,False,NH007,../data/nate
193,0,0,False,NH007,../data/nate
194,0,0,False,NH007,../data/nate
195,0,0,False,NH007,../data/nate
196,0,0,False,NH007,../data/nate
197,0,0,False,NH007,../data/nate
198,0,0,False,NH007,../data/nate
199,0,0,False,NH007,../data/nate
200,0,0,False,NH007,../data/nate
201,0,0,False,NH007,../data/nate
202,0,0,False,NH007,../data/nate
203,0,0,False,NH007,../data/nate
204,0,0,False,NH007,../data/nate
205,0,0,False,NH007,../data/nate
206,0,0,False,NH007,../data/nate
207,0,0,False,NH007,../data/nate
208,0,0,False,NH007,../data/nate
209,0,0,False,NH007,../data/nate
210,0,0,False,NH007,../data/nate
211,0,0,False,NH007,../data/nate
212,0,0,False,NH007,../data/nate
213,0,0,False,NH007,../data/nate
214,0,0,False,NH007,../data/nate
215,0,0,False,NH007,../data/nate
216,0,0,False,NH007,../data/nate
217,0,0,False,NH007,../data/nate
218,0,0,False,NH007,../data/nate
219,0,0,False,NH007,../data/nate
220,0,0,False,NH007,../data/nate
221,0,0,False,NH007,../data/nate
222,0,0,False,NH007,../data/nate
223,0,0,False,NH007,../data/nate
224,0,0,False,NH007,../data/nate
225,0,0,False,NH007,../data/nate
226,0,0,False,NH007,../data/nate
227,0,0,False,NH007,../data/nate
228,0,0,False,NH007,../data/nate
229,0,0,False,NH007,../data/nate
230,0,0,False,NH007,../data/nate
231,0,0,False,NH007,../data/nate
232,0,0,False,NH007,../data/nate
233,0,0,False,NH007,../data/nate
234,0,0,False,NH007,../data/nate
235,0,0,False,NH007,../data/nate
236,0,0,False,NH007,../data/nate
237,0,0,False,NH007,../data/nate
238,0,0,False,NH007,../data/nate
239,0,0,False,NH007,../data/nate
240,0,0,False,NH007,../data/nate
241,0,0,False,NH007,../data/nate
242,0,0,False,NH007,../data/nate
243,0,0,False,NH007,../data/nate
244,0,0,False,NH007,../data/nate
245,0,0,False,NH007,../data/nate
0,4152,4203,True,NH006,../data/nate
1,4076,4130,True,NH006,../data/nate
2,3221,3256,True,NH006,../data/nate
3,2508,2532,True,NH006,../data/nate
4,2045,2056,True,NH006,../data/nate
5,1444,1451,True,NH006,../data/nate
6,1047,1053,True,NH006,../data/nate
7,9,9,True,NH006,../data/nate
8,5,5,True,NH006,../data/nate
9,4,4,True,NH006,../data/nate
10,4,4,True,NH006,../data/nate
11,3,3,True,NH006,../data/nate
12,3,3,True,NH006,../data/nate
13,3,3,True,NH006,../data/nate
14,3,3,True,NH006,../data/nate
15,2,2,True,NH006,../data/nate
16,2,2,True,NH006,../data/nate
17,2,2,True,NH006,../data/nate
18,2,2,True,NH006,../data/nate
19,2,2,True,NH006,../data/nate
20,1,1,True,NH006,../data/nate
21,1,1,True,NH006,../data/nate
22,1,1,True,NH006,../data/nate
23,1,1,True,NH006,../data/nate
24,1,1,True,NH006,../data/nate
25,1,1,True,NH006,../data/nate
26,1,1,True,NH006,../data/nate
27,1,1,True,NH006,../data/nate
28,1,1,True,NH006,../data/nate
29,1,1,True,NH006,../data/nate
30,1,1,True,NH006,../data/nate
31,1,1,True,NH006,../data/nate
32,1,1,True,NH006,../data/nate
33,1,1,True,NH006,../data/nate
34,1,1,True,NH006,../data/nate
35,1,1,True,NH006,../data/nate
36,1,1,True,NH006,../data/nate
37,1,1,True,NH006,../data/nate
38,1,1,True,NH006,../data/nate
39,1,1,True,NH006,../data/nate
40,1,1,True,NH006,../data/nate
41,1,1,True,NH006,../data/nate
42,1,1,True,NH006,../data/nate
43,1,1,True,NH006,../data/nate
44,1,1,True,NH006,../data/nate
45,1,1,True,NH006,../data/nate
46,1,1,True,NH006,../data/nate
47,1,1,True,NH006,../data/nate
48,1,1,True,NH006,../data/nate
49,1,1,True,NH006,../data/nate
50,1,1,True,NH006,../data/nate
51,1,1,True,NH006,../data/nate
52,1,1,True,NH006,../data/nate
53,1,1,True,NH006,../data/nate
54,1,1,True,NH006,../data/nate
55,1,1,True,NH006,../data/nate
56,1,1,True,NH006,../data/nate
57,1,1,True,NH006,../data/nate
58,1,1,True,NH006,../data/nate
59,1,1,True,NH006,../data/nate
60,1,1,True,NH006,../data/nate
61,1,1,True,NH006,../data/nate
62,1,1,True,NH006,../data/nate
63,1,1,True,NH006,../data/nate
64,0,0,False,NH006,../data/nate
65,0,0,False,NH006,../data/nate
66,0,0,False,NH006,../data/nate
67,0,0,False,NH006,../data/nate
68,0,0,False,NH006,../data/nate
69,0,0,False,NH006,../data/nate
70,0,0,False,NH006,../data/nate
71,0,0,False,NH006,../data/nate
72,0,0,False,NH006,../data/nate
73,0,0,False,NH006,../data/nate
74,0,0,False,NH006,../data/nate
75,0,0,False,NH006,../data/nate
76,0,0,False,NH006,../data/nate
77,0,0,False,NH006,../data/nate
78,0,0,False,NH006,../data/nate
79,0,0,False,NH006,../data/nate
80,0,0,False,NH006,../data/nate
81,0,0,False,NH006,../data/nate
82,0,0,False,NH006,../data/nate
83,0,0,False,NH006,../data/nate
84,0,0,False,NH006,../data/nate
85,0,0,False,NH006,../data/nate
86,0,0,False,NH006,../data/nate
87,0,0,False,NH006,../data/nate
88,0,0,False,NH006,../data/nate
89,0,0,False,NH006,../data/nate
90,0,0,False,NH006,../data/nate
91,0,0,False,NH006,../data/nate
92,0,0,False,NH006,../data/nate
93,0,0,False,NH006,../data/nate
94,0,0,False,NH006,../data/nate
95,0,0,False,NH006,../data/nate
96,0,0,False,NH006,../data/nate
97,0,0,False,NH006,../data/nate
98,0,0,False,NH006,../data/nate
99,0,0,False,NH006,../data/nate
100,0,0,False,NH006,../data/nate
101,0,0,False,NH006,../data/nate
102,0,0,False,NH006,../data/nate
103,0,0,False,NH006,../data/nate
104,0,0,False,NH006,../data/nate
105,0,0,False,NH006,../data/nate
106,0,0,False,NH006,../data/nate
107,0,0,False,NH006,../data/nate
108,0,0,False,NH006,../data/nate
109,0,0,False,NH006,../data/nate
110,0,0,False,NH006,../data/nate
111,0,0,False,NH006,../data/nate
112,0,0,False,NH006,../data/nate
113,0,0,False,NH006,../data/nate
114,0,0,False,NH006,../data/nate
115,0,0,False,NH006,../data/nate
116,0,0,False,NH006,../data/nate
117,0,0,False,NH006,../data/nate
118,0,0,False,NH006,../data/nate
119,0,0,False,NH006,../data/nate
120,0,0,False,NH006,../data/nate
121,0,0,False,NH006,../data/nate
122,0,0,False,NH006,../data/nate
123,0,0,False,NH006,../data/nate
124,0,0,False,NH006,../data/nate
125,0,0,False,NH006,../data/nate
126,0,0,False,NH006,../data/nate
127,0,0,False,NH006,../data/nate
128,0,0,False,NH006,../data/nate
129,0,0,False,NH006,../data/nate
130,0,0,False,NH006,../data/nate
131,0,0,False,NH006,../data/nate
132,0,0,False,NH006,../data/nate
133,0,0,False,NH006,../data/nate
134,0,0,False,NH006,../data/nate
135,0,0,False,NH006,../data/nate
136,0,0,False,NH006,../data/nate
137,0,0,False,NH006,../data/nate
138,0,0,False,NH006,../data/nate
139,0,0,False,NH006,../data/nate
140,0,0,False,NH006,../data/nate
141,0,0,False,NH006,../data/nate
142,0,0,False,NH006,../data/nate
143,0,0,False,NH006,../data/nate
144,0,0,False,NH006,../data/nate
145,0,0,False,NH006,../data/nate
146,0,0,False,NH006,../data/nate
147,0,0,False,NH006,../data/nate
148,0,0,False,NH006,../data/nate
149,0,0,False,NH006,../data/nate
150,0,0,False,NH006,../data/nate
151,0,0,False,NH006,../data/nate
152,0,0,False,NH006,../data/nate
153,0,0,False,NH006,../data/nate
154,0,0,False,NH006,../data/nate
155,0,0,False,NH006,../data/nate
156,0,0,False,NH006,../data/nate
157,0,0,False,NH006,../data/nate
158,0,0,False,NH006,../data/nate
159,0,0,False,NH006,../data/nate
160,0,0,False,NH006,../data/nate
161,0,0,False,NH006,../data/nate
162,0,0,False,NH006,../data/nate
163,0,0,False,NH006,../data/nate
164,0,0,False,NH006,../data/nate
165,0,0,False,NH006,../data/nate
166,0,0,False,NH006,../data/nate
167,0,0,False,NH006,../data/nate
168,0,0,False,NH006,../data/nate
169,0,0,False,NH006,../data/nate
170,0,0,False,NH006,../data/nate
171,0,0,False,NH006,../data/nate
172,0,0,False,NH006,../data/nate
173,0,0,False,NH006,../data/nate
174,0,0,False,NH006,../data/nate
175,0,0,False,NH006,../data/nate
176,0,0,False,NH006,../data/nate
177,0,0,False,NH006,../data/nate
178,0,0,False,NH006,../data/nate
179,0,0,False,NH006,../data/nate
180,0,0,False,NH006,../data/nate
181,0,0,False,NH006,../data/nate
182,0,0,False,NH006,../data/nate
183,0,0,False,NH006,../data/nate
184,0,0,False,NH006,../data/nate
185,0,0,False,NH006,../data/nate
186,0,0,False,NH006,../data/nate
187,0,0,False,NH006,../data/nate
188,0,0,False,NH006,../data/nate
189,0,0,False,NH006,../data/nate
190,0,0,False,NH006,../data/nate
191,0,0,False,NH006,../data/nate
192,0,0,False,NH006,../data/nate
193,0,0,False,NH006,../data/nate
194,0,0,False,NH006,../data/nate
195,0,0,False,NH006,../data/nate
196,0,0,False,NH006,../data/nate
197,0,0,False,NH006,../data/nate
198,0,0,False,NH006,../data/nate
199,0,0,False,NH006,../data/nate
200,0,0,False,NH006,../data/nate
201,0,0,False,NH006,../data/nate
202,0,0,False,NH006,../data/nate
203,0,0,False,NH006,../data/nate
204,0,0,False,NH006,../data/nate
205,0,0,False,NH006,../data/nate
206,0,0,False,NH006,../data/nate
207,0,0,False,NH006,../data/nate
208,0,0,False,NH006,../data/nate
209,0,0,False,NH006,../data/nate
210,0,0,False,NH006,../data/nate
211,0,0,False,NH006,../data/nate
212,0,0,False,NH006,../data/nate
213,0,0,False,NH006,../data/nate
214,0,0,False,NH006,../data/nate
215,0,0,False,NH006,../data/nate
216,0,0,False,NH006,../data/nate
217,0,0,False,NH006,../data/nate
218,0,0,False,NH006,../data/nate
219,0,0,False,NH006,../data/nate
220,0,0,False,NH006,../data/nate
221,0,0,False,NH006,../data/nate
222,0,0,False,NH006,../data/nate
223,0,0,False,NH006,../data/nate
224,0,0,False,NH006,../data/nate
225,0,0,False,NH006,../data/nate
226,0,0,False,NH006,../data/nate
227,0,0,False,NH006,../data/nate
228,0,0,False,NH006,../data/nate
229,0,0,False,NH006,../data/nate
230,0,0,False,NH006,../data/nate
231,0,0,False,NH006,../data/nate
232,0,0,False,NH006,../data/nate
233,0,0,False,NH006,../data/nate
234,0,0,False,NH006,../data/nate
235,0,0,False,NH006,../data/nate
236,0,0,False,NH006,../data/nate
237,0,0,False,NH006,../data/nate
238,0,0,False,NH006,../data/nate
239,0,0,False,NH006,../data/nate
240,0,0,False,NH006,../data/nate
241,0,0,False,NH006,../data/nate
242,0,0,False,NH006,../data/nate
243,0,0,False,NH006,../data/nate
244,0,0,False,NH006,../data/nate
245,0,0,False,NH006,../data/nate
246,0,0,False,NH006,../data/nate
247,0,0,False,NH006,../data/nate
248,0,0,False,NH006,../data/nate
249,0,0,False,NH006,../data/nate
250,0,0,False,NH006,../data/nate
251,0,0,False,NH006,../data/nate
252,0,0,False,NH006,../data/nate
253,0,0,False,NH006,../data/nate
254,0,0,False,NH006,../data/nate
255,0,0,False,NH006,../data/nate
256,0,0,False,NH006,../data/nate
257,0,0,False,NH006,../data/nate
258,0,0,False,NH006,../data/nate
259,0,0,False,NH006,../data/nate
260,0,0,False,NH006,../data/nate
261,0,0,False,NH006,../data/nate
262,0,0,False,NH006,../data/nate
263,0,0,False,NH006,../data/nate
264,0,0,False,NH006,../data/nate
265,0,0,False,NH006,../data/nate
266,0,0,False,NH006,../data/nate
267,0,0,False,NH006,../data/nate
268,0,0,False,NH006,../data/nate
269,0,0,False,NH006,../data/nate
270,0,0,False,NH006,../data/nate
271,0,0,False,NH006,../data/nate
,q,g,molecs,reads,passed,idx,directory
0,q26,CATCTTC,8524,8732,True,NH002,../data/nate
1,q26,CGGGTGC,7078,7212,True,NH002,../data/nate
2,q26,CGGGTAC,21,21,True,NH002,../data/nate
3,q26,CGGATGC,11,11,True,NH002,../data/nate
4,q26,CGGGCGC,10,10,True,NH002,../data/nate
5,q26,CGAGTGC,6,6,True,NH002,../data/nate
6,q26,CGGGTGT,5,5,True,NH002,../data/nate
7,q26,CATCTCC,4,4,True,NH002,../data/nate
8,q26,CATATTC,3,3,True,NH002,../data/nate
9,q26,CATCATC,3,3,True,NH002,../data/nate
10,q26,CGTCTTC,2,2,True,NH002,../data/nate
11,q26,CAACTTC,2,2,True,NH002,../data/nate
12,q26,CACCTTC,2,2,True,NH002,../data/nate
13,q26,CTGGTGC,2,2,True,NH002,../data/nate
14,q26,CATCTAC,2,2,True,NH002,../data/nate
15,q25,CATCTTC,2,2,True,NH002,../data/nate
16,q26,TGGGTGC,2,2,True,NH002,../data/nate
17,q26,GGGGTGC,1,1,True,NH002,../data/nate
18,q26,CGGGTGA,1,1,True,NH002,../data/nate
19,q26,GGGTCTG,1,1,True,NH002,../data/nate
20,q19,GATCAAG,1,1,True,NH002,../data/nate
21,q26,CATCTTT,1,1,True,NH002,../data/nate
22,q24,CATCTTC,1,1,True,NH002,../data/nate
23,q26,CATCCTC,1,1,True,NH002,../data/nate
24,q26,CAGGTGC,1,1,True,NH002,../data/nate
25,q26,ATGACGG,1,1,True,NH002,../data/nate
26,q26,AGGGTGC,1,1,True,NH002,../data/nate
27,q25,TTCTTAG,1,1,True,NH002,../data/nate
28,q24,GGAGCGG,1,1,True,NH002,../data/nate
29,q24,CGGGTGC,1,1,True,NH002,../data/nate
30,q26,TTGTTCC,1,1,True,NH002,../data/nate
0,q26,CGGGTGC,15605,16341,True,NH001,../data/nate
1,q26,CGGATGC,48,48,True,NH001,../data/nate
2,q26,CGGGTAC,45,45,True,NH001,../data/nate
3,q26,CGGGCGC,13,13,True,NH001,../data/nate
4,q26,TGGGTGC,11,11,True,NH001,../data/nate
5,q26,CGAGTGC,11,11,True,NH001,../data/nate
6,q26,CGGGTGT,5,5,True,NH001,../data/nate
7,q24,CGGGTGC,2,2,True,NH001,../data/nate
8,q26,CGGGTCC,2,2,True,NH001,../data/nate
9,q19,GAGACTC,1,1,True,NH001,../data/nate
10,q27,GATTGGG,1,1,True,NH001,../data/nate
11,q26,CGGGTTC,1,1,True,NH001,../data/nate
12,q26,CGGGGGC,1,1,True,NH001,../data/nate
13,q26,CGGCTGC,1,1,True,NH001,../data/nate
14,q26,CAGGTGC,1,1,True,NH001,../data/nate
15,q25,GGGTCGT,1,1,True,NH001,../data/nate
16,q27,TAGGGGG,1,1,True,NH001,../data/nate
0,q26,CATCTTC,2915,2941,True,NH007,../data/nate
1,q26,ATGACGG,2710,2727,True,NH007,../data/nate
2,q26,TGAGATG,2569,2583,True,NH007,../data/nate
3,q26,CGGGTGC,2460,2477,True,NH007,../data/nate
4,q26,TTTTAAT,1847,1857,True,NH007,../data/nate
5,q26,TGCAAGA,1731,1735,True,NH007,../data/nate
6,q26,AAACGTG,1079,1084,True,NH007,../data/nate
7,q26,TGAATGC,937,938,True,NH007,../data/nate
8,q26,CGGGTAC,4,4,True,NH007,../data/nate
9,q26,TGAGATA,4,4,True,NH007,../data/nate
10,q26,TGAATAC,3,3,True,NH007,../data/nate
11,q26,ATGACGT,3,3,True,NH007,../data/nate
12,q26,ATGACGA,3,3,True,NH007,../data/nate
13,q26,CATCTCC,2,2,True,NH007,../data/nate
14,q26,CATCATC,2,2,True,NH007,../data/nate
15,q26,TGAACGC,2,2,True,NH007,../data/nate
16,q26,CATCTTT,2,2,True,NH007,../data/nate
17,q26,CGGATGC,2,2,True,NH007,../data/nate
18,q26,TGAGATT,2,2,True,NH007,../data/nate
19,q24,TTTTAAT,2,2,True,NH007,../data/nate
20,q24,TGCAAGA,2,2,True,NH007,../data/nate
21,q26,TACAAGA,1,1,True,NH007,../data/nate
22,q26,CGGGTGT,1,1,True,NH007,../data/nate
23,q26,TGAATCC,1,1,True,NH007,../data/nate
24,q26,TGAGACG,1,1,True,NH007,../data/nate
25,q26,TGCTAGA,1,1,True,NH007,../data/nate
26,q26,TGGGTGC,1,1,True,NH007,../data/nate
27,q26,CGGGCGC,1,1,True,NH007,../data/nate
28,q26,TGTAAGA,1,1,True,NH007,../data/nate
29,q24,ACTTTTA,1,1,True,NH007,../data/nate
30,q26,ATGGCGG,1,1,True,NH007,../data/nate
31,q26,CGAGTGC,1,1,True,NH007,../data/nate
32,q24,CATCTTC,1,1,True,NH007,../data/nate
33,q24,GTCTCCT,1,1,True,NH007,../data/nate
34,q25,CATCTTC,1,1,True,NH007,../data/nate
35,q25,CGGGTGC,1,1,True,NH007,../data/nate
36,q25,CTTGTTT,1,1,True,NH007,../data/nate
37,q25,TATTTCA,1,1,True,NH007,../data/nate
38,q25,TCCGCGG,1,1,True,NH007,../data/nate
39,q25,TGAATGC,1,1,True,NH007,../data/nate
40,q25,TGAGATG,1,1,True,NH007,../data/nate
41,q25,TTTTGGG,1,1,True,NH007,../data/nate
42,q26,AAACATG,1,1,True,NH007,../data/nate
43,q26,AAACGTA,1,1,True,NH007,../data/nate
44,q26,AAACGTT,1,1,True,NH007,../data/nate
45,q26,ACGACGG,1,1,True,NH007,../data/nate
46,q26,ATAACGG,1,1,True,NH007,../data/nate
47,q26,ATGACAG,1,1,True,NH007,../data/nate
48,q26,ATGACTG,1,1,True,NH007,../data/nate
49,q26,ATGATGG,1,1,True,NH007,../data/nate
50,q27,GAACTCA,1,1,True,NH007,../data/nate
0,q26,ATGACGG,4152,4203,True,NH006,../data/nate
1,q26,CATCTTC,4076,4130,True,NH006,../data/nate
2,q26,CGGGTGC,3221,3256,True,NH006,../data/nate
3,q26,TGCAAGA,2508,2532,True,NH006,../data/nate
4,q26,TTTTAAT,2045,2056,True,NH006,../data/nate
5,q26,AAACGTG,1444,1451,True,NH006,../data/nate
6,q26,TGAATGC,1047,1053,True,NH006,../data/nate
7,q26,CGGATGC,9,9,True,NH006,../data/nate
8,q26,ATGGCGG,5,5,True,NH006,../data/nate
9,q26,CGGGTAC,4,4,True,NH006,../data/nate
10,q26,ATGACGA,4,4,True,NH006,../data/nate
11,q26,ATGACGT,3,3,True,NH006,../data/nate
12,q26,AAACGTT,3,3,True,NH006,../data/nate
13,q26,CGGGCGC,3,3,True,NH006,../data/nate
14,q26,TGGGTGC,3,3,True,NH006,../data/nate
15,q26,ATGATGG,2,2,True,NH006,../data/nate
16,q26,CGGGTGT,2,2,True,NH006,../data/nate
17,q26,CATCATC,2,2,True,NH006,../data/nate
18,q26,CATCTTA,2,2,True,NH006,../data/nate
19,q26,AAACATG,2,2,True,NH006,../data/nate
20,q26,TGAATAC,1,1,True,NH006,../data/nate
21,q26,TCTTAAT,1,1,True,NH006,../data/nate
22,q27,AAACGTG,1,1,True,NH006,../data/nate
23,q26,TTTTGAT,1,1,True,NH006,../data/nate
24,q26,TTTTAAC,1,1,True,NH006,../data/nate
25,q26,CGGGTTC,1,1,True,NH006,../data/nate
26,q26,CGGTAAG,1,1,True,NH006,../data/nate
27,q26,TGAATGT,1,1,True,NH006,../data/nate
28,q26,CGTCTTC,1,1,True,NH006,../data/nate
29,q26,CTGGTGC,1,1,True,NH006,../data/nate
30,q26,TTCTAAT,1,1,True,NH006,../data/nate
31,q26,TGATTGC,1,1,True,NH006,../data/nate
32,q26,TTATTGA,1,1,True,NH006,../data/nate
33,q26,TGTAAGA,1,1,True,NH006,../data/nate
34,q26,TACAAGA,1,1,True,NH006,../data/nate
35,q26,TGCTAGA,1,1,True,NH006,../data/nate
36,q26,TGAGTGC,1,1,True,NH006,../data/nate
37,q19,TGTAGCC,1,1,True,NH006,../data/nate
38,q26,CGCGTGC,1,1,True,NH006,../data/nate
39,q26,CGAGTGC,1,1,True,NH006,../data/nate
40,q24,ACTCTTC,1,1,True,NH006,../data/nate
41,q24,CGGGTGC,1,1,True,NH006,../data/nate
42,q24,GCGTCTC,1,1,True,NH006,../data/nate
43,q24,TGCAAGA,1,1,True,NH006,../data/nate
44,q25,ATGACGG,1,1,True,NH006,../data/nate
45,q25,CGGGTGC,1,1,True,NH006,../data/nate
46,q25,CTGCGCT,1,1,True,NH006,../data/nate
47,q25,GATGCCG,1,1,True,NH006,../data/nate
48,q25,GCGAGCG,1,1,True,NH006,../data/nate
49,q25,TTAGTTT,1,1,True,NH006,../data/nate
50,q26,AAACGCG,1,1,True,NH006,../data/nate
51,q26,AAACGTA,1,1,True,NH006,../data/nate
52,q26,AAGACGG,1,1,True,NH006,../data/nate
53,q26,AGCAAGA,1,1,True,NH006,../data/nate
54,q26,AGGGTGC,1,1,True,NH006,../data/nate
55,q26,ATCACGG,1,1,True,NH006,../data/nate
56,q26,ATGACGC,1,1,True,NH006,../data/nate
57,q26,ATGTCGG,1,1,True,NH006,../data/nate
58,q26,CAGGTGC,1,1,True,NH006,../data/nate
59,q26,CATCTAC,1,1,True,NH006,../data/nate
60,q26,CATCTCC,1,1,True,NH006,../data/nate
61,q24,AAACGTG,1,1,True,NH006,../data/nate
62,q26,CATCTTT,1,1,True,NH006,../data/nate
63,q27,GGGGGGA,1,1,True,NH006,../data/nate
