idx,qtag,barcode,mcountsPF,readsPF,percent_mcountsPF,passed,qtag_error,barcode_error,is_padding
1,q25,TTGCTTC,21979,23011,0.0,True,False,False,False
1,q25,TTTCTTC,89,67,0.0,False,False,True,True
1,q24,GGTTGAT,55,46,0.0,False,False,False,False
1,q25,TTGCTTA,55,46,0.0,False,False,True,True
1,q19,TTGCTTC,48,19,0.0,False,True,False,False
1,q23,TTGCTTC,28,13,0.0,False,True,False,False
1,q25,TTGCTTT,24,20,0.0,False,False,True,False
1,q24,TTGCTTC,22,9,0.0,False,True,False,False
1,q25,TTGATTC,19,16,0.0,False,False,True,False
1,q25,TTGCATC,17,15,0.0,False,False,True,False
1,q25,TTGCCTC,13,7,0.0,False,False,True,False
1,q25,TTGCTCC,13,11,0.0,False,False,True,False
1,q25,TTACTTC,7,7,0.0,False,False,True,False
1,q25,TTGCGTC,6,5,0.0,False,False,True,False
1,q25,TTGTTTC,3,2,0.0,False,False,True,False
1,q25,TTGCTTG,2,0,0.0,False,False,True,False
1,q19,TTGATTC,2,0,0.0,False,True,True,False
1,q25,TCGCTTC,2,0,0.0,False,False,True,False
1,q25,GTGCTTC,2,0,0.0,False,False,True,False
1,q25,ATGCTTC,2,1,0.0,False,False,True,False
1,q25,CTGCTTC,2,1,0.0,False,False,True,False
1,q25,GCGTCTC,1,0,0.0,False,False,False,False
1,q24,GGCTGAT,1,0,0.0,False,False,True,False
1,q25,TGATGCC,1,0,0.0,False,False,False,False
1,q25,TTTCTTT,1,1,0.0,False,False,False,False
1,q24,TTGCTTA,1,0,0.0,False,True,True,False
1,q25,TTGCTAC,1,1,0.0,False,False,True,False
1,q19,TTGCCTC,1,0,0.0,False,True,True,False
1,q19,GATCCAT,1,0,0.0,False,False,False,False
1,q25,TTCCTTC,1,1,0.0,False,False,True,False
1,q24,GAGTGTG,1,0,0.0,False,False,False,False
1,q23,CTCCTTT,1,0,0.0,False,False,False,False
1,q24,CTAAATT,1,0,0.0,False,False,False,False
1,q25,ATTCCTT,1,0,0.0,False,False,False,False
1,q23,GTTTCTG,1,1,0.0,False,False,False,False
1,q25,TGGCTTC,1,1,0.0,False,False,True,False
1,q23,TTTTCTT,1,0,0.0,False,False,False,False
180-10,q19,TTGTGGC,3516,4600,0.0,True,False,False,False
180-10,q24,CGGTGTG,878,1104,0.0,True,False,False,False
180-10,q19,TATGTTC,163,186,0.0,True,False,False,False
180-10,q24,TTTGGGA,152,174,0.0,True,False,False,False
180-10,q19,ATGATGG,134,164,0.0,True,False,False,False
180-10,q19,GTCTTCA,128,169,0.0,True,False,False,False
180-10,q19,GGGGATA,127,162,0.0,True,False,False,False
180-10,q25,CGTGAAC,114,151,0.0,True,False,False,False
180-10,q19,GTTGAAT,104,139,0.0,True,False,False,False
180-10,q24,GTTCCTC,101,129,0.0,True,False,False,False
180-10,q24,TCGCCCC,95,116,0.0,True,False,False,False
180-10,q19,GGGTCAC,80,96,0.0,True,False,False,False
180-10,q19,TTGTGTC,66,81,0.0,False,False,True,True
180-10,q24,TGTCCCC,62,76,0.0,True,False,False,False
180-10,q26,TAGTGTC,61,75,0.0,True,False,False,False
180-10,q19,CATCGTC,32,36,0.0,True,False,False,False
180-10,q24,TTGTGGC,30,28,0.0,False,True,False,True
180-10,q19,CTCTTGG,20,28,0.0,True,False,False,False
180-10,q19,TTGTGAC,17,15,0.0,False,False,True,False
180-10,q24,CGGTGTT,17,0,0.0,False,False,True,False
180-10,q19,CGGTGTG,17,15,0.0,False,True,False,False
180-10,q19,TCTGTTC,14,5,0.0,False,False,True,False
180-10,q19,CTGATGG,10,4,0.0,False,False,True,False
180-10,q19,GGGTGCT,8,8,0.0,True,False,False,False
180-10,q19,TTGTAGC,7,6,0.0,False,False,True,False
180-10,q19,TTTGGGA,7,5,0.0,False,True,False,False
180-10,q25,ACAATGA,6,3,0.0,False,False,False,False
180-10,q26,CGTAAAC,6,3,0.0,False,True,True,False
180-10,q24,CGATGTG,5,5,0.0,False,False,True,False
180-10,q19,CGTGAAC,4,4,0.0,False,True,False,False
180-10,q19,TAGTGTC,4,4,0.0,False,True,False,False
180-10,q19,ATGATGT,4,1,0.0,False,False,True,False
180-10,q24,CGGCGTG,3,2,0.0,False,False,True,False
180-10,q19,TCACTAT,3,2,0.0,False,False,False,False
180-10,q26,TCGTGTC,3,1,0.0,False,False,True,False
180-10,q25,TTGTGGC,3,1,0.0,False,True,False,False
180-10,q19,TTGCGGC,2,2,0.0,False,False,True,False
180-10,q24,TATGTTC,2,1,0.0,False,True,False,False
180-10,q19,TTGTGGT,2,2,0.0,False,False,True,False
180-10,q27,GTGCGTT,2,1,0.0,False,False,False,False
180-10,q25,GGAGCCA,2,0,0.0,False,False,False,False
180-10,q24,CGTGAAC,2,2,0.0,False,True,False,False
180-10,q19,CCTTATT,2,2,0.0,False,False,False,False
180-10,q24,ATGATGG,2,2,0.0,False,True,False,False
180-10,q26,TAGTGGC,1,1,0.0,False,True,True,False
180-10,q26,TTGTGAC,1,0,0.0,False,True,True,False
180-10,q27,TATCGTC,1,1,0.0,False,True,True,False
180-10,q24,TTGTGTC,1,1,0.0,False,True,True,False
180-10,q19,TCGTGGC,1,1,0.0,False,False,True,False
180-10,q24,GTTGAAT,1,1,0.0,False,True,False,False
180-10,q19,GTTGGAT,1,1,0.0,False,False,True,False
180-10,q26,TAGCGTC,1,1,0.0,False,False,True,False
180-10,q24,TATCGTC,1,0,0.0,False,True,True,False
180-10,q24,TTGTGCC,1,1,0.0,False,True,True,False
180-10,q19,TCGCCCC,1,1,0.0,False,True,False,False
180-10,q19,TTGTTGC,1,1,0.0,False,False,True,False
180-10,q24,TCTGTTC,1,1,0.0,False,True,True,False
180-10,q24,GTCTTCA,1,1,0.0,False,True,False,False
180-10,q26,TGCTAAG,1,1,0.0,False,False,False,False
180-10,q19,TTATGGC,1,1,0.0,False,False,True,False
180-10,q24,TTGTGAC,1,1,0.0,False,True,True,False
180-10,q24,GTTCCCC,1,1,0.0,False,False,True,False
180-10,q19,CTGATGT,1,0,0.0,False,False,False,False
180-10,q25,GGCGCCA,1,0,0.0,False,False,True,False
180-10,q19,CTAATGG,1,0,0.0,False,False,False,False
180-10,q19,CCTCGTC,1,1,0.0,False,False,True,False
180-10,q19,CTGGCGT,1,1,0.0,False,False,False,False
180-10,q24,CGGTGCG,1,0,0.0,False,False,True,False
180-10,q24,GCTTTAG,1,0,0.0,False,False,False,False
180-10,q25,ACCATGA,1,0,0.0,False,False,True,False
180-10,q19,CATCATC,1,1,0.0,False,False,True,False
180-10,q25,CCAATGA,1,0,0.0,False,False,True,False
180-10,q24,CCAGTTG,1,1,0.0,False,False,False,False
180-10,q27,CGCATAG,1,1,0.0,False,False,False,False
180-10,q27,GCGGTAG,1,1,0.0,False,False,False,False
180-10,q19,CGGTGGC,1,1,0.0,False,False,False,False
180-10,q19,GGATGCT,1,0,0.0,False,False,True,False
180-10,q24,CGGTGGG,1,0,0.0,False,False,True,False
180-10,q25,CGGTGTG,1,1,0.0,False,True,False,False
180-10,q24,CGTGAAG,1,1,0.0,False,True,True,False
180-10,q19,TTTGTTC,1,1,0.0,False,False,True,False
180-12,q19,TTGTGGC,1453,1616,0.0,True,False,False,False
180-12,q24,CGGTGTG,707,746,0.0,True,False,False,False
180-12,q19,ATGATGG,74,75,0.0,True,False,False,False
180-12,q19,CGTCCTG,56,53,0.0,True,False,False,False
180-12,q27,GGGCGTC,56,56,0.0,True,False,False,False
180-12,q19,GTCTGGG,53,48,0.0,True,False,False,False
180-12,q24,TCGCCCC,52,53,0.0,True,False,False,False
180-12,q19,TTCGTGT,40,44,0.0,True,False,False,False
180-12,q24,GGCTATG,31,32,0.0,True,False,False,False
180-12,q19,GGCGGAA,23,23,0.0,True,False,False,False
180-12,q19,GTCCTGA,18,18,0.0,True,False,False,False
180-12,q19,TTGCAGG,18,13,0.0,True,False,False,False
180-12,q19,TCGCCCC,17,20,0.0,False,True,False,True
180-12,q19,CGGTGTG,14,12,0.0,False,True,False,True
180-12,q24,TTGTGGC,13,10,0.0,False,True,False,False
180-12,q24,CGGTGTT,11,1,0.0,False,False,True,False
180-12,q24,GCTTTAG,8,6,0.0,True,False,False,False
180-12,q27,GGTGTTA,8,8,0.0,True,False,False,False
180-12,q19,AGTCGAT,5,6,0.0,True,False,False,False
180-12,q27,GCGGTAG,4,4,0.0,False,False,False,False
180-12,q19,CGTCCTT,3,0,0.0,False,False,True,False
180-12,q19,TTGTGAC,3,3,0.0,False,False,True,False
180-12,q24,ATGATGG,2,0,0.0,False,True,False,False
180-12,q19,CTGGCGT,2,1,0.0,False,False,False,False
180-12,q19,GTCCCGA,2,2,0.0,False,False,True,False
180-12,q19,TTGCGGC,2,1,0.0,False,False,True,False
180-12,q27,TTGTGGC,2,1,0.0,False,True,False,False
180-12,q19,TTGTGTC,1,0,0.0,False,False,True,False
180-12,q19,TTGTGGT,1,1,0.0,False,False,True,False
180-12,q19,TTGAGGC,1,1,0.0,False,False,True,False
180-12,q19,TCGTGGC,1,0,0.0,False,False,True,False
180-12,q24,TATCGTC,1,0,0.0,False,False,False,False
180-12,q19,TAGCCCC,1,1,0.0,False,True,True,False
180-12,q19,GTCTGGT,1,0,0.0,False,False,True,False
180-12,q27,GGTGTCA,1,1,0.0,False,False,True,False
180-12,q24,GGGCGTC,1,1,0.0,False,True,False,False
180-12,q24,GGCTATT,1,0,0.0,False,False,True,False
180-12,q27,GGCGTTA,1,0,0.0,False,False,True,False
180-12,q24,GGCGGAA,1,1,0.0,False,True,False,False
180-12,q27,GCGGTAT,1,0,0.0,False,False,True,False
180-12,q19,CTGATGG,1,0,0.0,False,False,True,False
180-12,q27,CGGTGTG,1,0,0.0,False,True,False,False
180-12,q24,CGGTGCT,1,0,0.0,False,False,False,False
180-12,q24,CGGTGCG,1,1,0.0,False,False,True,False
180-12,q24,CGATGTG,1,0,0.0,False,False,True,False
180-12,q19,ATGATGT,1,0,0.0,False,False,True,False
180-12,q19,TTGTTGC,1,1,0.0,False,False,True,False
2,q24,GGTTGAT,61172,68931,0.0,True,False,False,False
2,q24,GGTTTAT,250,98,0.0,False,False,True,True
2,q24,GGCTGAT,143,5,0.0,False,False,True,True
2,q24,GGTCGAT,105,81,0.0,False,False,True,False
2,q24,TGTTGAT,69,58,0.0,False,False,True,False
2,q24,GGTTAAT,63,51,0.0,False,False,True,False
2,q24,GGGTGAT,54,1,0.0,False,False,True,False
2,q24,GTTTGAT,41,40,0.0,False,False,True,False
2,q24,GGATGAT,27,1,0.0,False,False,True,False
2,q24,GGTAGAT,23,19,0.0,False,False,True,False
2,q24,GGTTGTT,18,6,0.0,False,False,True,False
2,q24,GGTGGAT,16,9,0.0,False,False,True,False
2,q19,GGTTGAT,14,5,0.0,False,True,False,False
2,q24,GGTTGAC,12,5,0.0,False,False,True,False
2,q24,GGTTCAT,12,4,0.0,False,False,True,False
2,q24,GATTGAT,9,6,0.0,False,False,True,False
2,q24,GGTTGCT,8,1,0.0,False,False,True,False
2,q23,GGTTGAT,6,1,0.0,False,True,False,False
2,q24,AGTTGAT,5,3,0.0,False,False,True,False
2,q24,GGTTGAG,5,0,0.0,False,False,True,False
2,q24,GAGTGTG,4,4,0.0,False,False,False,False
2,q24,GGTTGGT,4,2,0.0,False,False,True,False
2,q24,GATCCAT,3,0,0.0,False,False,False,False
2,q24,GGCCGAT,3,0,0.0,False,False,False,False
2,q24,GGGTTAT,3,0,0.0,False,False,False,False
2,q24,GGTTGAA,3,2,0.0,False,False,True,False
2,q24,TGTATGG,2,1,0.0,False,False,False,False
2,q24,TGGATGG,2,0,0.0,False,False,False,False
2,q24,GGTTTTT,2,0,0.0,False,False,False,False
2,q25,GGTTGAT,2,0,0.0,False,True,False,False
2,q24,GGTCCAT,2,0,0.0,False,False,True,False
2,q24,GCTTGAT,2,1,0.0,False,False,True,False
2,q24,GGATGAC,2,0,0.0,False,False,False,False
2,q24,GGTCGTT,1,0,0.0,False,False,False,False
2,q24,GGGTGAG,1,0,0.0,False,False,False,False
2,q24,GGGCTTT,1,0,0.0,False,False,False,False
2,q24,TTGTGAT,1,0,0.0,False,False,False,False
2,q24,TGATGCC,1,0,0.0,False,False,False,False
2,q24,TCTTGAT,1,0,0.0,False,False,False,False
2,q24,TCGGTTC,1,0,0.0,False,False,False,False
2,q23,TAGGTGG,1,0,0.0,False,False,False,False
2,q24,GGTTTGT,1,0,0.0,False,False,True,False
2,q24,GGTTTGG,1,0,0.0,False,False,False,False
2,q24,GGTTCTG,1,0,0.0,False,False,False,False
2,q24,GGTGTAT,1,0,0.0,False,False,False,False
2,q24,GGCTGCT,1,0,0.0,False,False,False,False
2,q24,GGATTAT,1,0,0.0,False,False,True,False
2,q19,GGACGAT,1,0,0.0,False,True,True,False
2,q24,GAACTTC,1,0,0.0,False,False,False,False
2,q25,CTCTGCA,1,0,0.0,False,False,False,False
2,q24,CTAAATT,1,0,0.0,False,False,False,False
2,q24,CGGGTGC,1,0,0.0,False,False,False,False
2,q24,CGGCTTT,1,0,0.0,False,False,False,False
2,q25,AGGCTGG,1,1,0.0,False,False,False,False
2,q26,ACAGAGT,1,1,0.0,False,False,False,False
2,q24,GGGCGAT,1,0,0.0,False,False,True,False
2,q24,GGGAGAC,1,1,0.0,False,False,False,False
2,q24,TTTTGAT,1,7,0.0,False,False,False,False
20,q19,GATCCAT,189720,465296,0.0,False,False,False,False
20,q23,GATCCAT,247,73,0.0,False,True,False,True
20,q19,GATACAT,226,110,0.0,False,False,True,True
20,q24,GATCCAT,205,61,0.0,False,True,False,False
20,q19,GATCAAT,194,118,0.0,False,False,True,False
20,q19,GATTCAT,183,91,0.0,False,False,True,False
20,q19,GATCCAC,141,87,0.0,False,False,True,False
20,q19,GATCTAT,111,73,0.0,False,False,True,False
20,q19,GACCCAT,85,49,0.0,False,False,True,False
20,q19,GATCCGT,61,45,0.0,False,False,True,False
20,q19,TATCCAT,61,85,0.0,False,False,True,False
20,q19,GATCCCT,51,5,0.0,False,False,True,False
20,q19,GCTCCAT,46,0,0.0,False,False,True,False
20,q19,GATTTAT,46,41,0.0,False,False,False,False
20,q19,GATCCTT,45,20,0.0,False,False,True,False
20,q19,GATCCAG,39,1,0.0,False,False,True,False
20,q23,GTTTCTG,37,17,0.0,False,False,False,False
20,q19,GGTCCAT,31,14,0.0,False,False,True,False
20,q19,GATCCAA,29,14,0.0,False,False,True,False
20,q19,AATCCAT,27,15,0.0,False,False,True,False
20,q19,GTTCCAT,25,8,0.0,False,False,True,False
20,q19,GAACCAT,24,10,0.0,False,False,True,False
20,q19,GATGCAT,22,10,0.0,False,False,True,False
20,q19,TGTATGG,19,6,0.0,False,False,False,False
20,q24,CTAAATT,17,5,0.0,False,False,False,False
20,q19,GAGCCAT,13,0,0.0,False,False,True,False
20,q19,GATCGAT,11,5,0.0,False,False,True,False
20,q19,GTTTCTG,10,4,0.0,False,True,False,False
20,q19,ATCCTTT,9,2,0.0,False,False,False,False
20,q19,GAACTTC,9,1,0.0,False,False,False,False
20,q27,GATCCAT,9,3,0.0,False,True,False,False
20,q24,GTTTCTG,9,3,0.0,False,True,False,False
20,q19,CATCCAT,7,3,0.0,False,False,True,False
20,q19,CCGCTTT,7,0,0.0,False,False,False,False
20,q19,GTTCCTT,6,0,0.0,False,False,False,False
20,q24,GGGATAT,5,1,0.0,False,False,False,False
20,q23,GATTCAT,5,0,0.0,False,True,True,False
20,q23,GATCCAG,5,0,0.0,False,True,True,False
20,q25,GATCCAT,5,2,0.0,False,True,False,False
20,q24,GATACAT,3,0,0.0,False,True,True,False
20,q19,GATCATT,3,0,0.0,False,False,False,False
20,q26,GATCCAT,3,2,0.0,False,True,False,False
20,q19,GATCTTT,3,0,0.0,False,False,False,False
20,q19,GATTCTT,3,0,0.0,False,False,False,False
20,q23,GCCCCTG,2,0,0.0,False,False,False,False
20,q23,GATCCTT,2,0,0.0,False,True,True,False
20,q19,TGTCCAT,2,0,0.0,False,False,False,False
20,q19,TGATGCC,2,0,0.0,False,False,False,False
20,q19,GCTCCTT,2,0,0.0,False,False,True,False
20,q19,GATTCAG,2,0,0.0,False,False,False,False
20,q19,GAACCTC,2,0,0.0,False,False,True,False
20,q24,GATCCTT,2,0,0.0,False,True,True,False
20,q24,CTAACTT,2,0,0.0,False,False,True,False
20,q23,CTAAATT,2,0,0.0,False,True,False,False
20,q19,CCACCGC,2,0,0.0,False,False,False,False
20,q19,GATAAAT,2,0,0.0,False,False,False,False
20,q24,GATCTAT,1,0,0.0,False,True,True,False
20,q19,GCCCCTT,1,0,0.0,False,True,True,False
20,q19,GGGATAT,1,0,0.0,False,True,False,False
20,q24,GGGACAT,1,0,0.0,False,False,True,False
20,q24,GGAGTGG,1,1,0.0,False,False,False,False
20,q19,GCTCTAT,1,0,0.0,False,False,False,False
20,q24,GCGTCTC,1,0,0.0,False,False,False,False
20,q19,GCGCGGA,1,0,0.0,False,False,False,False
20,q19,GCGCCTC,1,0,0.0,False,False,False,False
20,q23,GCCCCCG,1,0,0.0,False,False,True,False
20,q19,GCGCCGA,1,0,0.0,False,False,False,False
20,q19,GGTCCAG,1,0,0.0,False,False,False,False
20,q19,GGGCTGG,1,0,0.0,False,False,False,False
20,q19,GCACCAT,1,0,0.0,False,False,False,False
20,q19,GATTTTT,1,0,0.0,False,False,True,False
20,q23,GATTCTT,1,0,0.0,False,True,False,False
20,q24,GATTCAT,1,0,0.0,False,True,True,False
20,q19,GATTCAC,1,0,0.0,False,False,True,False
20,q19,GATGTAC,1,0,0.0,False,False,False,False
20,q19,GGGCCAT,1,0,0.0,False,False,False,False
20,q19,GATCTAC,1,0,0.0,False,False,False,False
20,q19,GGGTCAT,1,0,0.0,False,False,False,False
20,q24,CGGGCGC,1,0,0.0,False,False,False,False
20,q19,TGTTATG,1,0,0.0,False,False,False,False
20,q19,TGTCCGG,1,0,0.0,False,False,False,False
20,q19,TGTATCG,1,0,0.0,False,False,True,False
20,q24,TCTCGTG,1,0,0.0,False,False,False,False
20,q19,TCTCCAT,1,0,0.0,False,False,True,False
20,q19,TCGGCTC,1,0,0.0,False,False,False,False
20,q19,TATTCAT,1,0,0.0,False,False,False,False
20,q24,TATCCAT,1,0,0.0,False,True,True,False
20,q19,TATCAAT,1,1,0.0,False,False,False,False
20,q19,TAGCCAT,1,0,0.0,False,False,False,False
20,q19,GTTTTAT,1,0,0.0,False,False,True,False
20,q23,GTTTCAG,1,0,0.0,False,False,True,False
20,q19,GTTCTAT,1,0,0.0,False,False,False,False
20,q19,GTTCAAT,1,0,0.0,False,False,False,False
20,q24,GTTACAT,1,0,0.0,False,False,False,False
20,q19,GTCCCAT,1,0,0.0,False,False,False,False
20,q19,GGTGGGC,1,0,0.0,False,False,False,False
20,q23,GCCCCAG,1,0,0.0,False,False,True,False
20,q19,CGATGCC,1,0,0.0,False,False,True,False
20,q19,GATTGAT,1,0,0.0,False,False,True,False
20,q19,CATCTAT,1,0,0.0,False,False,False,False
20,q19,CTAAATT,1,0,0.0,False,True,False,False
20,q24,CTAAATC,1,0,0.0,False,False,True,False
20,q24,CTAAACT,1,0,0.0,False,False,True,False
20,q19,CGTCCCT,1,0,0.0,False,False,False,False
20,q24,CGAAATT,1,0,0.0,False,False,True,False
20,q19,CCGCCCT,1,0,0.0,False,False,False,False
20,q19,CTCAATT,1,0,0.0,False,True,True,False
20,q19,CATACAT,1,0,0.0,False,False,False,False
20,q19,CAGCCGG,1,0,0.0,False,False,False,False
20,q24,CATCCAT,1,0,0.0,False,True,True,False
20,q19,CAGACGG,1,0,0.0,False,False,False,False
20,q19,CACCTAT,1,0,0.0,False,False,False,False
20,q19,CAAACTT,1,0,0.0,False,False,False,False
20,q19,ATCCTAT,1,0,0.0,False,False,True,False
20,q19,ATCCGTT,1,0,0.0,False,False,True,False
20,q19,AGTACCG,1,0,0.0,False,False,False,False
20,q19,AACCCAT,1,0,0.0,False,False,False,False
20,q19,GATCCGC,1,0,0.0,False,False,False,False
20,q19,CTAACTT,1,0,0.0,False,True,True,False
20,q24,CTTCAAT,1,0,0.0,False,False,False,False
20,q19,CTGACGG,1,0,0.0,False,False,False,False
20,q23,GATCCTG,1,0,0.0,False,False,False,False
20,q19,GATCCCC,1,0,0.0,False,False,False,False
20,q24,GATCCAG,1,0,0.0,False,True,True,False
20,q26,GATCCAC,1,0,0.0,False,True,True,False
20,q24,GATCAAT,1,0,0.0,False,True,True,False
20,q19,GATATAT,1,0,0.0,False,False,True,False
20,q19,GATACAG,1,0,0.0,False,False,True,False
20,q19,GAGCCAC,1,0,0.0,False,False,False,False
20,q19,GACTCAT,1,0,0.0,False,False,False,False
20,q19,GACCTAT,1,0,0.0,False,False,False,False
20,q19,GACCGGT,1,1,0.0,False,False,False,False
20,q19,GACCCCT,1,0,0.0,False,False,False,False
20,q19,GACCCAC,1,0,0.0,False,False,False,False
20,q19,GAACTAC,1,0,0.0,False,False,True,False
20,q24,GAACCAT,1,0,0.0,False,True,True,False
20,q19,GAACCAC,1,0,0.0,False,False,False,False
20,q19,GAAAAAA,1,0,0.0,False,False,False,False
20,q24,CTTCCAT,1,0,0.0,False,False,False,False
20,q23,TTGTTTG,1,1,0.0,False,False,False,False
21,q23,GTTTCTG,13552,13456,0.0,False,False,False,False
21,q23,GTTTCTT,41,31,0.0,False,False,True,True
21,q23,GTTTCCG,16,11,0.0,False,False,True,True
21,q23,TTTTCTG,15,17,0.0,False,False,True,False
21,q23,GTTCCTG,10,7,0.0,False,False,True,False
21,q23,GTTTATG,9,9,0.0,False,False,True,False
21,q23,GTTTCTA,9,7,0.0,False,False,True,False
21,q19,GATCCAT,5,3,0.0,False,False,False,False
21,q23,GCTTCTG,3,0,0.0,False,False,True,False
21,q23,GTTGCTG,3,3,0.0,False,False,True,False
21,q19,GTTTCTG,3,2,0.0,False,True,False,False
21,q24,GTTTCTG,3,1,0.0,False,True,False,False
21,q23,GGTTCTG,2,0,0.0,False,False,True,False
21,q23,GTTTCTC,2,1,0.0,False,False,True,False
21,q23,GATTCTG,2,0,0.0,False,False,True,False
21,q23,GTTTTTG,2,1,0.0,False,False,True,False
21,q23,GTTTCAG,2,2,0.0,False,False,True,False
21,q23,ATTTCTG,1,1,0.0,False,False,True,False
21,q24,CGGGTGC,1,0,0.0,False,False,False,False
21,q19,CTGAAGG,1,1,0.0,False,False,False,False
21,q23,CTTTCTG,1,0,0.0,False,False,True,False
21,q24,GGGATAG,1,0,0.0,False,False,False,False
21,q24,GGGATAT,1,0,0.0,False,False,False,False
21,q23,GTCTCTG,1,0,0.0,False,False,True,False
21,q23,GTTACTG,1,1,0.0,False,False,True,False
21,q25,GTTTCTG,1,1,0.0,False,True,False,False
21,q23,TTTTCCG,1,0,0.0,False,False,False,False
22,q23,GTTTCTG,166365,339984,0.0,False,False,False,False
22,q23,GTTTCTA,364,316,0.0,False,False,True,True
22,q23,GTTTCCG,360,307,0.0,False,False,True,True
22,q23,GTTTCTT,190,171,0.0,False,False,True,False
22,q23,GTTTTTG,121,90,0.0,False,False,True,False
22,q23,GTTCCTG,115,62,0.0,False,False,True,False
22,q23,GTTTCAG,112,94,0.0,False,False,True,False
22,q23,GTTTATG,95,62,0.0,False,False,True,False
22,q23,GCTTCTG,87,37,0.0,False,False,True,False
22,q19,GTTTCTG,78,24,0.0,False,True,False,False
22,q23,TTTTCTG,65,112,0.0,False,False,True,False
22,q24,GTTTCTG,63,22,0.0,False,True,False,False
22,q23,GTTTCGG,40,26,0.0,False,False,True,False
22,q23,GTTACTG,36,31,0.0,False,False,True,False
22,q19,GATCCAT,32,18,0.0,False,False,False,False
22,q23,GTCTCTG,32,20,0.0,False,False,True,False
22,q23,GATTCTG,31,8,0.0,False,False,True,False
22,q23,ATTTCTG,25,17,0.0,False,False,True,False
22,q23,GTTTCTC,23,16,0.0,False,False,True,False
22,q23,GTTGCTG,21,12,0.0,False,False,True,False
22,q23,GGTTCTG,20,2,0.0,False,False,True,False
22,q23,GATCCAT,10,0,0.0,False,True,False,False
22,q23,GTATCTG,10,7,0.0,False,False,True,False
22,q23,GTGTCTG,7,1,0.0,False,False,True,False
22,q23,GTTTGTG,6,3,0.0,False,False,True,False
22,q19,GGGCTGG,5,2,0.0,False,False,False,False
22,q23,TGTATGG,5,0,0.0,False,False,False,False
22,q23,GTTCTTG,4,0,0.0,False,False,False,False
22,q23,CTTTCTG,3,0,0.0,False,False,True,False
22,q23,GCTCCTG,3,0,0.0,False,False,False,False
22,q23,TGTTATG,2,1,0.0,False,False,False,False
22,q25,GTTTCTG,2,2,0.0,False,True,False,False
22,q23,TGTTCTG,2,0,0.0,False,False,False,False
22,q19,TGTATGG,2,2,0.0,False,True,False,False
22,q23,GATTCTT,2,0,0.0,False,False,False,False
22,q23,GTTGCGG,2,0,0.0,False,False,False,False
22,q24,CTAAATT,2,0,0.0,False,False,False,False
22,q23,GCCCCTG,2,1,0.0,False,False,True,False
22,q23,GTTTATA,1,1,0.0,False,False,False,False
22,q27,TTACAGC,1,0,0.0,False,False,False,False
22,q23,GTTTATT,1,1,0.0,False,False,False,False
22,q24,GTCTCTG,1,0,0.0,False,True,True,False
22,q23,GTGCGCT,1,0,0.0,False,False,False,False
22,q23,GTTACAG,1,0,0.0,False,False,False,False
22,q23,GTTCCCG,1,1,0.0,False,False,False,False
22,q23,GTTCCTA,1,1,0.0,False,False,False,False
22,q19,GTTCCTG,1,0,0.0,False,True,True,False
22,q23,GTTCTTT,1,0,0.0,False,False,True,False
22,q23,GTTGCTT,1,0,0.0,False,False,False,False
22,q23,GTTGGTG,1,0,0.0,False,False,False,False
22,q23,GTTTCCA,1,1,0.0,False,False,False,False
22,q23,GTTTCCT,1,1,0.0,False,False,False,False
22,q23,GTTCCTT,1,0,0.0,False,False,False,False
22,q23,GTCCCTG,1,0,0.0,False,False,False,False
22,q19,GTTTCTC,1,0,0.0,False,True,True,False
22,q27,GTTTCTG,1,1,0.0,False,True,False,False
22,q24,GTTTCTT,1,0,0.0,False,True,True,False
22,q19,GTTTCTT,1,0,0.0,False,True,True,False
22,q23,TCTTCTG,1,0,0.0,False,False,True,False
22,q23,TGATGCC,1,0,0.0,False,False,False,False
22,q25,TGGGAGG,1,1,0.0,False,False,False,False
22,q19,TGTATTG,1,1,0.0,False,True,True,False
22,q19,TGTTATG,1,0,0.0,False,True,False,False
22,q23,GTCCTTG,1,0,0.0,False,False,True,False
22,q23,CTTTTTG,1,0,0.0,False,False,False,False
22,q23,GTACCTG,1,0,0.0,False,False,False,False
22,q24,GGTTCTT,1,0,0.0,False,True,True,False
22,q23,GCGTCTC,1,1,0.0,False,False,False,False
22,q23,GGTTGTT,1,0,0.0,False,False,False,False
22,q23,ATTGCGG,1,0,0.0,False,False,True,False
22,q23,ATTGCTG,1,0,0.0,False,False,False,False
22,q23,CCGCTTT,1,0,0.0,False,False,False,False
22,q23,CCTTCTG,1,0,0.0,False,False,False,False
22,q24,CGTGTGC,1,0,0.0,False,False,False,False
22,q23,GAACTTC,1,0,0.0,False,False,False,False
22,q23,GATTCAG,1,0,0.0,False,False,False,False
22,q19,GATTCTG,1,0,0.0,False,True,True,False
22,q23,GCCTCTG,1,0,0.0,False,False,False,False
22,q24,GCTTCTG,1,0,0.0,False,True,True,False
22,q23,GCTGCTG,1,0,0.0,False,False,True,False
22,q23,GATCCTG,1,0,0.0,False,False,True,False
22,q23,GCTTTTG,1,0,0.0,False,False,False,False
22,q23,GGCCCCG,1,0,0.0,False,False,False,False
22,q25,GGCTGTA,1,0,0.0,False,False,False,False
22,q24,GGGATAT,1,1,0.0,False,False,False,False
22,q23,GGGTCTG,1,0,0.0,False,False,False,False
22,q23,GGTGCTG,1,0,0.0,False,False,False,False
22,q23,GGTTCGC,1,0,0.0,False,False,False,False
22,q23,GGTTCTC,1,0,0.0,False,False,False,False
22,q23,GGTTCTT,1,0,0.0,False,False,True,False
22,q19,TTTTCTG,1,0,0.0,False,True,True,False
23,q24,GCGTCTC,15262,15289,0.0,True,False,False,False
23,q24,GCGTCTT,30,24,0.0,False,False,True,True
23,q24,GCTTCTC,29,10,0.0,False,False,True,True
23,q24,GCATCTC,18,14,0.0,False,False,True,False
23,q24,GCGTCCC,14,10,0.0,False,False,True,False
23,q19,GATCCAT,12,9,0.0,False,False,False,False
23,q24,GGGATAT,12,10,0.0,False,False,False,False
23,q24,GCGTTTC,11,8,0.0,False,False,True,False
23,q24,GCGCCTC,10,4,0.0,False,False,True,False
23,q24,GTGTCTC,10,9,0.0,False,False,True,False
23,q24,GAGTCTC,8,7,0.0,False,False,True,False
23,q24,GCGTATC,5,4,0.0,False,False,True,False
23,q24,GCGTCTA,5,3,0.0,False,False,True,False
23,q23,GTTTCTG,5,3,0.0,False,False,False,False
23,q24,GCGGCTC,4,0,0.0,False,False,True,False
23,q23,GCGTCTC,4,2,0.0,False,True,False,False
23,q24,GCGTCAC,3,3,0.0,False,False,True,False
23,q19,ATCCTTT,3,2,0.0,False,False,False,False
23,q24,TCGTCTC,2,2,0.0,False,False,True,False
23,q24,GCCTCTC,2,0,0.0,False,False,True,False
23,q24,GCGTCGC,2,1,0.0,False,False,True,False
23,q19,GCGTCTC,2,0,0.0,False,True,False,False
23,q24,GCTCCTT,1,0,0.0,False,False,False,False
23,q24,GTTTCTG,1,1,0.0,False,True,False,False
23,q19,TTGCTTC,1,0,0.0,False,False,False,False
23,q23,TTGCTTC,1,0,0.0,False,False,False,False
23,q24,TCTTCTC,1,0,0.0,False,False,False,False
23,q24,GCGACTC,1,1,0.0,False,False,True,False
23,q19,TGTATGG,1,1,0.0,False,False,False,False
23,q24,GGGCTAT,1,0,0.0,False,False,True,False
23,q24,GAGCCAT,1,0,0.0,False,True,True,False
23,q24,ACGTCTC,1,1,0.0,False,False,True,False
23,q24,GGTGGGC,1,0,0.0,False,False,False,False
23,q25,TTGCTTC,1,1,0.0,False,False,False,False
24,q24,GGGATAT,21939,22133,0.0,False,False,False,False
24,q24,GGAATAT,64,52,0.0,False,False,True,True
24,q24,GGTATAT,43,7,0.0,False,False,True,True
24,q24,TGGATAT,21,17,0.0,False,False,True,False
24,q19,GATCCAT,19,14,0.0,False,False,False,False
24,q24,GGGTTAT,19,14,0.0,False,False,True,False
24,q23,GTTTCTG,17,12,0.0,False,False,False,False
24,q24,GGGCTAT,16,1,0.0,False,False,True,False
24,q24,GGGACAT,11,5,0.0,False,False,True,False
24,q24,GGGATTT,9,6,0.0,False,False,True,False
24,q24,GTGATAT,8,7,0.0,False,False,True,False
24,q24,GGGATAC,7,4,0.0,False,False,True,False
24,q24,GGGAAAT,7,4,0.0,False,False,True,False
24,q24,GCGTCTC,6,6,0.0,False,False,False,False
24,q24,GGCATAT,5,0,0.0,False,False,True,False
24,q19,GGGATAT,5,1,0.0,False,True,False,False
24,q24,GGGGTAT,5,2,0.0,False,False,True,False
24,q24,GGTTGAT,5,3,0.0,False,False,False,False
24,q19,TGTATGG,5,4,0.0,False,False,False,False
24,q24,GAGATAT,4,4,0.0,False,False,True,False
24,q24,GGGATCT,4,0,0.0,False,False,True,False
24,q23,GCCCCTG,3,1,0.0,False,False,False,False
24,q24,GGGATAA,2,1,0.0,False,False,True,False
24,q24,GTTTCTG,2,1,0.0,False,True,False,False
24,q24,GGGCCAT,2,0,0.0,False,False,False,False
24,q24,GGTCTAT,2,0,0.0,False,False,False,False
24,q23,GGGATAT,2,1,0.0,False,True,False,False
24,q24,GGTTGTT,1,0,0.0,False,False,True,False
24,q24,GGTACAT,1,0,0.0,False,False,False,False
24,q24,TTGATAT,1,0,0.0,False,False,False,False
24,q24,TGTATGG,1,0,0.0,False,True,False,False
24,q24,TGGCTAT,1,0,0.0,False,False,False,False
24,q23,TCGGTTC,1,0,0.0,False,False,False,False
24,q24,TCGGTTC,1,1,0.0,False,False,False,False
24,q19,GTTTCTG,1,1,0.0,False,True,False,False
24,q24,GGGAGAT,1,0,0.0,False,False,True,False
24,q19,GCCCCTG,1,0,0.0,False,True,False,False
24,q24,GATCCAT,1,1,0.0,False,True,False,False
24,q19,GAACTTC,1,0,0.0,False,False,False,False
24,q24,GAACTTC,1,0,0.0,False,False,False,False
24,q24,GAACTAC,1,0,0.0,False,False,False,False
24,q24,AGGATAT,1,1,0.0,False,False,True,False
24,q24,GGGCTTG,1,0,0.0,False,False,False,False
24,q24,TTTATAT,1,1,0.0,False,False,False,False
25,q19,TGTATGG,42568,48312,0.0,False,False,False,False
25,q19,TGTACGG,58,36,0.0,False,False,True,True
25,q19,TGTATGA,43,38,0.0,False,False,True,True
25,q19,TGTATGT,34,29,0.0,False,False,True,False
25,q19,TTTATGG,34,39,0.0,False,False,True,False
25,q19,TGTATTG,28,27,0.0,False,False,True,False
25,q24,TGTATGG,26,4,0.0,False,True,False,False
25,q23,TGTATGG,25,7,0.0,False,True,False,False
25,q19,TGTCTGG,25,0,0.0,False,False,True,False
25,q19,TGTTTGG,22,18,0.0,False,False,True,False
25,q19,TGCATGG,18,8,0.0,False,False,True,False
25,q19,TGTGTGG,14,12,0.0,False,False,True,False
25,q19,CGTATGG,10,4,0.0,False,False,True,False
25,q23,GTTTCTG,10,4,0.0,False,False,False,False
25,q19,TGTATAG,10,9,0.0,False,False,True,False
25,q19,GATCCAT,8,3,0.0,False,False,False,False
25,q19,TGGATGG,7,0,0.0,False,False,True,False
25,q19,TGAATGG,6,5,0.0,False,False,True,False
25,q19,TGTAAGG,6,4,0.0,False,False,True,False
25,q19,TGTATAA,3,3,0.0,False,False,False,False
25,q19,TGTATGC,3,3,0.0,False,False,True,False
25,q19,TGTAGGG,2,0,0.0,False,False,True,False
25,q19,TGTATTT,2,2,0.0,False,False,False,False
25,q19,TGTATCG,2,2,0.0,False,False,True,False
25,q19,TGCCTGG,2,0,0.0,False,False,False,False
25,q19,TATATGG,2,1,0.0,False,False,True,False
25,q19,GAACTTC,2,0,0.0,False,False,False,False
25,q23,GATCCAT,2,0,0.0,False,True,False,False
25,q24,GAGTGTG,2,0,0.0,False,False,False,False
25,q19,GGTATGG,1,0,0.0,False,False,True,False
25,q19,TGAAAGG,1,0,0.0,False,False,False,False
25,q23,TGTTTGG,1,0,0.0,False,True,True,False
25,q19,TGTTGCG,1,0,0.0,False,False,False,False
25,q19,TGTTCGG,1,0,0.0,False,False,False,False
25,q19,TGTCTGT,1,0,0.0,False,False,False,False
25,q23,TGTCTGG,1,0,0.0,False,True,True,False
25,q25,TGTATGG,1,0,0.0,False,True,False,False
25,q23,TGTACGG,1,0,0.0,False,True,True,False
25,q19,TGGGTTG,1,0,0.0,False,False,False,False
25,q19,GGTACGG,1,0,0.0,False,False,False,False
25,q19,TGCTTGG,1,0,0.0,False,False,True,False
25,q19,GGCCCCT,1,0,0.0,False,False,False,False
25,q19,GCGTCTC,1,0,0.0,False,False,False,False
25,q24,GCGTCTC,1,1,0.0,False,False,False,False
25,q19,CCGCTTT,1,0,0.0,False,False,False,False
25,q19,ATTGTGT,1,0,0.0,False,False,False,False
25,q24,AGTTATT,1,0,0.0,False,False,False,False
25,q19,AGTATGG,1,1,0.0,False,False,True,False
25,q19,AGCATGT,1,0,0.0,False,False,False,False
25,q19,TCTATGG,1,0,0.0,False,False,True,False
25,q19,TTCATGT,1,0,0.0,False,False,False,False
26,q19,TGTATGG,21539,22583,0.0,True,False,False,False
26,q19,TGTATGT,23,18,0.0,False,False,True,True
26,q23,TGTATGG,21,8,0.0,False,True,False,True
26,q19,TGTACGG,20,12,0.0,False,False,True,False
26,q19,TGTATTG,16,13,0.0,False,False,True,False
26,q19,TGTATGA,14,11,0.0,False,False,True,False
26,q24,TGTATGG,14,7,0.0,False,True,False,False
26,q19,TGTCTGG,13,0,0.0,False,False,True,False
26,q19,TGTTTGG,10,8,0.0,False,False,True,False
26,q19,TGAATGG,9,2,0.0,False,False,True,False
26,q19,TGCATGG,6,4,0.0,False,False,True,False
26,q19,TGTGTGG,5,5,0.0,False,False,True,False
26,q19,TGTATAG,4,3,0.0,False,False,True,False
26,q19,TTTATGG,4,8,0.0,False,False,True,False
26,q19,TGGATGG,4,0,0.0,False,False,True,False
26,q19,TATATGG,4,3,0.0,False,False,True,False
26,q19,TGTAAGG,3,1,0.0,False,False,True,False
26,q19,GGTGGGC,2,0,0.0,False,False,False,False
26,q19,TGTAGGG,2,1,0.0,False,False,True,False
26,q19,TGTATCG,2,2,0.0,False,False,True,False
26,q24,TGTATGT,1,0,0.0,False,True,True,False
26,q27,TGTATGG,1,1,0.0,False,True,False,False
26,q19,GGTTTGG,1,0,0.0,False,False,False,False
26,q19,TGTATGC,1,1,0.0,False,False,True,False
26,q23,GTTTCTG,1,1,0.0,False,False,False,False
26,q19,CCGCTTT,1,1,0.0,False,False,False,False
26,q19,GATCCAT,1,0,0.0,False,False,False,False
26,q19,CTTATGG,1,0,0.0,False,False,False,False
26,q19,CGTATGG,1,1,0.0,False,False,True,False
26,q19,CGCATGC,1,0,0.0,False,False,False,False
26,q19,TTCATGG,1,0,0.0,False,False,False,False
27,q19,ATCCTTT,24880,26404,0.0,True,False,False,False
27,q19,ATCCCTT,36,20,0.0,False,False,True,True
27,q19,TGTATGG,28,21,0.0,False,False,False,False
27,q19,ATCATTT,22,14,0.0,False,False,True,True
27,q19,ATCCATT,13,11,0.0,False,False,True,False
27,q19,ATCTTTT,10,8,0.0,False,False,True,False
27,q23,ATCCTTT,8,2,0.0,False,True,False,False
27,q24,ATCCTTT,8,2,0.0,False,True,False,False
27,q19,GATCCAT,7,4,0.0,False,False,False,False
27,q19,GGTGGGC,7,2,0.0,False,False,False,False
27,q19,GAACTTC,6,5,0.0,False,False,False,False
27,q19,ATCCGTT,5,3,0.0,False,False,True,False
27,q19,ATCCTAT,5,4,0.0,False,False,True,False
27,q19,ATCCTTA,5,3,0.0,False,False,True,False
27,q19,ATCCTTC,5,6,0.0,False,False,True,False
27,q19,ATTCTTT,5,2,0.0,False,False,True,False
27,q19,CTCCTTT,4,0,0.0,False,False,True,False
27,q19,ATCCTCT,4,2,0.0,False,False,True,False
27,q19,AACCTTT,3,1,0.0,False,False,True,False
27,q19,ATCCTTG,3,1,0.0,False,False,True,False
27,q19,TTCCTTT,3,2,0.0,False,False,True,False
27,q19,ATCCTGT,2,2,0.0,False,False,True,False
27,q27,ATCCTTT,2,0,0.0,False,True,False,False
27,q19,AACCTTG,1,0,0.0,False,False,False,False
27,q19,GTTTCTG,1,1,0.0,False,False,False,False
27,q19,TGTACGG,1,0,0.0,False,False,True,False
27,q19,TGATGCC,1,0,0.0,False,False,False,False
27,q23,GTTTCTG,1,0,0.0,False,False,False,False
27,q19,GTTCCTG,1,0,0.0,False,False,False,False
27,q19,GGTGTGC,1,0,0.0,False,False,True,False
27,q19,GTCCTTT,1,1,0.0,False,False,True,False
27,q24,GGTTGAT,1,0,0.0,False,False,False,False
27,q19,GGGATAT,1,0,0.0,False,False,False,False
27,q19,GCGTCTC,1,0,0.0,False,False,False,False
27,q24,GGGATAT,1,0,0.0,False,False,False,False
27,q19,ATCGTTT,1,0,0.0,False,False,True,False
27,q23,GTTCCTG,1,0,0.0,False,False,False,False
27,q24,CTAAATT,1,0,0.0,False,False,False,False
27,q19,AACCCTT,1,0,0.0,False,False,False,False
27,q19,ACCCTTT,1,1,0.0,False,False,True,False
27,q19,ATACTTT,1,0,0.0,False,False,True,False
27,q19,ATCCCTA,1,0,0.0,False,False,False,False
27,q19,AGCCTTT,1,0,0.0,False,False,True,False
27,q19,ATCTGTT,1,0,0.0,False,False,False,False
27,q19,ATTCCTT,1,0,0.0,False,False,False,False
27,q19,ATTTCTT,1,0,0.0,False,False,False,False
27,q19,CCGCTTT,1,0,0.0,False,False,False,False
27,q19,GAGACAC,1,1,0.0,False,False,False,False
27,q23,TGTATGG,1,1,0.0,False,True,False,False
28,q23,GTTTCTG,28217,29812,0.0,True,False,False,False
28,q19,TGTATGG,21353,21946,0.0,True,False,False,False
28,q24,GGGATAT,12084,11757,0.0,True,False,False,False
28,q19,GTTTCTG,1458,1372,0.0,False,True,False,True
28,q23,TGTATGG,1315,1225,0.0,False,True,False,True
28,q24,GTTTCTG,1018,917,0.0,False,True,False,False
28,q24,TGTATGG,791,716,0.0,False,True,False,False
28,q23,GGGATAT,682,604,0.0,False,True,False,False
28,q19,GGGATAT,601,533,0.0,False,True,False,False
28,q24,GGAATAT,40,37,0.0,False,False,True,False
28,q23,GTTTCTA,37,29,0.0,False,False,True,False
28,q19,TGTATGT,27,17,0.0,False,False,True,False
28,q24,GGTATAT,27,10,0.0,False,False,True,False
28,q23,GTTTCCG,23,19,0.0,False,False,True,False
28,q19,TGTCTGG,22,0,0.0,False,False,True,False
28,q19,TGTACGG,17,10,0.0,False,False,True,False
28,q23,GCTTCTG,14,3,0.0,False,False,True,False
28,q23,GTTTCTT,14,12,0.0,False,False,True,False
28,q19,TGTATTG,14,15,0.0,False,False,True,False
28,q19,TGCATGG,12,8,0.0,False,False,True,False
28,q19,TGTATGA,12,10,0.0,False,False,True,False
28,q24,GGGTTAT,10,7,0.0,False,False,True,False
28,q19,TTTATGG,10,14,0.0,False,False,True,False
28,q24,GGGCTAT,9,0,0.0,False,False,True,False
28,q23,GTTTCAG,9,7,0.0,False,False,True,False
28,q24,TGGATAT,9,9,0.0,False,False,True,False
28,q19,TGTGTGG,9,8,0.0,False,False,True,False
28,q19,TGTTTGG,9,8,0.0,False,False,True,False
28,q24,GTGATAT,8,8,0.0,False,False,True,False
28,q19,TATATGG,8,4,0.0,False,False,True,False
28,q24,GGGACAT,7,4,0.0,False,False,True,False
28,q24,GGGATTT,7,6,0.0,False,False,True,False
28,q23,GTTTATG,7,5,0.0,False,False,True,False
28,q23,TTTTCTG,7,7,0.0,False,False,True,False
28,q23,TGTACGG,6,4,0.0,False,True,True,False
28,q19,TGTATAG,6,3,0.0,False,False,True,False
28,q23,GTTTTTG,6,4,0.0,False,False,True,False
28,q23,GTTCCTG,6,4,0.0,False,False,True,False
28,q23,GTCTCTG,5,5,0.0,False,False,True,False
28,q23,ATTTCTG,4,3,0.0,False,False,True,False
28,q19,GAACTTC,4,3,0.0,False,False,False,False
28,q23,GGTTCTG,4,0,0.0,False,False,True,False
28,q23,GTTTCTC,4,3,0.0,False,False,True,False
28,q19,TGGATGG,4,0,0.0,False,False,True,False
28,q19,GGTGGGC,3,3,0.0,False,False,False,False
28,q24,GGGATAG,3,1,0.0,False,False,True,False
28,q19,TGTAAGG,3,2,0.0,False,False,True,False
28,q19,GTTTATG,3,2,0.0,False,True,True,False
28,q24,GGCATAT,3,0,0.0,False,False,True,False
28,q23,GTTTCGG,3,2,0.0,False,False,True,False
28,q23,GTTACTG,3,3,0.0,False,False,True,False
28,q19,CGTATGG,3,1,0.0,False,False,True,False
28,q19,TCTATGG,3,2,0.0,False,False,True,False
28,q24,AGGATAT,2,0,0.0,False,False,True,False
28,q23,TGGATAT,2,1,0.0,False,True,True,False
28,q19,TGGATAT,2,1,0.0,False,True,True,False
28,q23,GGAATAT,2,2,0.0,False,True,True,False
28,q24,GGGAAAT,2,1,0.0,False,False,True,False
28,q23,GGGACAT,2,1,0.0,False,True,True,False
28,q23,GGGTTAT,2,2,0.0,False,True,True,False
28,q23,GGTATAT,2,0,0.0,False,True,True,False
28,q24,GTTTCTA,1,1,0.0,False,True,True,False
28,q23,TGCCTGG,1,0,0.0,False,False,False,False
28,q24,TGTGTGG,1,0,0.0,False,True,True,False
28,q19,TGAATGG,1,0,0.0,False,False,True,False
28,q24,GTTTCCG,1,0,0.0,False,True,True,False
28,q24,GTTTCTT,1,0,0.0,False,True,True,False
28,q19,GTTTTTG,1,0,0.0,False,True,True,False
28,q19,GTTTCTA,1,1,0.0,False,True,True,False
28,q23,TCTATGG,1,0,0.0,False,True,True,False
28,q27,GTTTCTG,1,0,0.0,False,True,False,False
28,q23,GTTTGTG,1,0,0.0,False,False,True,False
28,q19,GTTTCGG,1,1,0.0,False,True,True,False
28,q23,TGTGTGG,1,1,0.0,False,True,True,False
28,q24,TGTATGT,1,0,0.0,False,True,True,False
28,q24,TGTATGC,1,0,0.0,False,True,True,False
28,q23,TGTTTGG,1,1,0.0,False,True,True,False
28,q19,TGTATTC,1,0,0.0,False,False,False,False
28,q24,TGTATTG,1,1,0.0,False,True,True,False
28,q23,TGTATTG,1,0,0.0,False,True,True,False
28,q24,TGTATTT,1,0,0.0,False,False,False,False
28,q23,TGTCTGG,1,0,0.0,False,True,True,False
28,q24,TTCATAT,1,0,0.0,False,False,False,False
28,q24,TTGATAT,1,0,0.0,False,False,False,False
28,q24,TTTATAT,1,0,0.0,False,False,False,False
28,q24,TTTATGG,1,0,0.0,False,True,True,False
28,q23,TTTATGG,1,1,0.0,False,True,True,False
28,q24,TTTTCTG,1,0,0.0,False,True,True,False
28,q23,GTTGCTG,1,0,0.0,False,False,True,False
28,q19,ATCCTTT,1,1,0.0,False,False,False,False
28,q24,GGCTTTT,1,0,0.0,False,False,False,False
28,q24,GTTGCTG,1,1,0.0,False,True,True,False
28,q24,CCGCGGT,1,0,0.0,False,False,False,False
28,q19,GTTTCCG,1,0,0.0,False,True,True,False
28,q19,GTTATGG,1,0,0.0,False,False,False,False
28,q19,GAACGTC,1,0,0.0,False,False,True,False
28,q24,GGGATAC,1,1,0.0,False,False,True,False
28,q19,CCGCTTT,1,1,0.0,False,False,False,False
28,q24,CGGATAT,1,1,0.0,False,False,True,False
28,q24,GAGATAT,1,1,0.0,False,False,True,False
28,q23,CGTATGG,1,0,0.0,False,True,True,False
28,q23,GATTCTG,1,0,0.0,False,False,True,False
28,q23,CGAATGG,1,0,0.0,False,False,False,False
28,q23,GATTCGG,1,0,0.0,False,False,False,False
28,q19,AGTATGG,1,1,0.0,False,False,True,False
28,q19,GCCCCTG,1,0,0.0,False,False,False,False
28,q24,GGGTCTG,1,0,0.0,False,False,False,False
28,q19,GGAATAT,1,1,0.0,False,True,True,False
28,q19,GGGACAT,1,1,0.0,False,True,True,False
28,q19,GGTATAT,1,0,0.0,False,True,True,False
28,q23,GGGATAG,1,0,0.0,False,True,True,False
28,q24,GGGATCT,1,0,0.0,False,False,True,False
28,q23,GGGATCT,1,0,0.0,False,True,True,False
28,q19,GGGATGG,1,1,0.0,False,False,False,False
28,q19,GGGCTAT,1,0,0.0,False,True,True,False
28,q23,GGTTGTG,1,0,0.0,False,False,False,False
28,q24,GGTTTAT,1,0,0.0,False,False,False,False
28,q23,GTCACGG,1,0,0.0,False,False,False,False
28,q24,GTCATAT,1,0,0.0,False,False,False,False
28,q19,GTCTCTG,1,0,0.0,False,True,True,False
28,q19,GTTACTG,1,0,0.0,False,True,True,False
28,q24,GTTATAT,1,1,0.0,False,False,False,False
28,q24,GTTCCTG,1,1,0.0,False,True,True,False
28,q19,TGTAGGG,1,0,0.0,False,False,True,False
28,q19,TTTTCTG,1,0,0.0,False,True,True,False
29,q19,GGTGGGC,68425,78713,0.0,True,False,False,False
29,q19,GGTGTGC,584,32,0.0,False,False,True,True
29,q19,GGTTGGC,456,49,0.0,False,False,True,True
29,q19,GGTGGAC,279,235,0.0,False,False,True,False
29,q19,GGTGAGC,127,110,0.0,False,False,True,False
29,q19,GGTAGGC,84,63,0.0,False,False,True,False
29,q19,GGCGGGC,74,10,0.0,False,False,True,False
29,q19,GGTGCGC,66,5,0.0,False,False,True,False
29,q23,GGTGGGC,65,13,0.0,False,True,False,False
29,q19,GGTGGGA,58,42,0.0,False,False,True,False
29,q24,GGTGGGC,54,12,0.0,False,True,False,False
29,q19,GGTGGTC,42,32,0.0,False,False,True,False
29,q19,GGTCGGC,34,3,0.0,False,False,True,False
29,q19,GGGGGGC,33,0,0.0,False,False,True,False
29,q19,GGTGGGT,24,16,0.0,False,False,True,False
29,q19,GTTGGGC,21,20,0.0,False,False,True,False
29,q19,GGAGGGC,18,2,0.0,False,False,True,False
29,q19,TGTATGG,16,11,0.0,False,False,False,False
29,q19,GGTGGCC,12,9,0.0,False,False,True,False
29,q19,AGTGGGC,8,4,0.0,False,False,True,False
29,q19,GATGGGC,8,5,0.0,False,False,True,False
29,q23,GTTTCTG,8,5,0.0,False,False,False,False
29,q19,TGTGGGC,8,10,0.0,False,False,True,False
29,q23,GGTTGGC,5,0,0.0,False,True,True,False
29,q19,GGTGGGG,4,1,0.0,False,False,True,False
29,q19,GGTTCGC,4,0,0.0,False,False,False,False
29,q19,GGTTTGC,4,4,0.0,False,False,False,False
29,q25,GGTGGGC,3,0,0.0,False,True,False,False
29,q26,GGTGGGC,3,2,0.0,False,True,False,False
29,q19,GGGGGGG,3,0,0.0,False,False,False,False
29,q19,ATCCTTT,3,3,0.0,False,False,False,False
29,q27,GGTGGGC,2,1,0.0,False,True,False,False
29,q19,GGTGTAC,2,0,0.0,False,False,False,False
29,q24,GGTGTGC,2,0,0.0,False,True,True,False
29,q19,GGTGTTC,2,1,0.0,False,False,False,False
29,q19,GGTTAGC,2,1,0.0,False,False,True,False
29,q19,GATCCAT,2,1,0.0,False,False,False,False
29,q19,GCTGGGC,2,1,0.0,False,False,True,False
29,q19,GGTCTGC,2,0,0.0,False,False,True,False
29,q24,GGTGAGC,2,0,0.0,False,True,True,False
29,q23,GGTGTGC,1,0,0.0,False,True,True,False
29,q23,GGTGGGT,1,0,0.0,False,True,True,False
29,q19,GGTGCAC,1,0,0.0,False,False,True,False
29,q23,GCTGGGC,1,0,0.0,False,True,True,False
29,q26,ACAGAGC,1,0,0.0,False,False,False,False
29,q23,GGTGGGG,1,0,0.0,False,True,True,False
29,q24,GGTGGAC,1,0,0.0,False,True,True,False
29,q24,GGTTGGC,1,0,0.0,False,True,True,False
29,q19,GGTTGCC,1,0,0.0,False,False,False,False
29,q19,GTTTCTG,1,1,0.0,False,True,False,False
29,q19,TGGTGCG,1,0,0.0,False,False,False,False
29,q19,TGTAGGC,1,1,0.0,False,False,False,False
29,q19,GGTTGTC,1,0,0.0,False,False,False,False
29,q19,GGTTTTC,1,1,0.0,False,False,True,False
29,q24,GTAGGTC,1,0,0.0,False,False,False,False
29,q19,TGTATGC,1,0,0.0,False,False,True,False
29,q19,TGTGTGC,1,0,0.0,False,False,False,False
29,q19,TGTTGTG,1,0,0.0,False,False,False,False
29,q23,GGTGCGC,1,0,0.0,False,True,True,False
29,q23,AGTGGGC,1,0,0.0,False,True,True,False
29,q23,GGTGCTC,1,0,0.0,False,True,True,False
29,q19,GGTGAAC,1,1,0.0,False,False,True,False
29,q19,CCGCTTT,1,0,0.0,False,False,False,False
29,q19,CGTCTTC,1,0,0.0,False,False,False,False
29,q19,GGTTCTG,1,0,0.0,False,True,True,False
29,q19,GGTGAGA,1,0,0.0,False,False,False,False
29,q19,CGTGGGC,1,1,0.0,False,False,True,False
29,q19,GCTGGCC,1,0,0.0,False,False,False,False
29,q19,GCTGTTC,1,0,0.0,False,False,True,False
29,q19,GGAGGTC,1,0,0.0,False,False,False,False
29,q24,GGGATAT,1,1,0.0,False,False,False,False
29,q19,GGGCGGC,1,0,0.0,False,False,False,False
29,q19,GGCGAGC,1,0,0.0,False,False,False,False
29,q19,GGCGCGC,1,0,0.0,False,False,False,False
29,q23,GGCGGGC,1,0,0.0,False,True,True,False
29,q19,GGCGGGT,1,0,0.0,False,False,False,False
29,q19,GGGGTGC,1,0,0.0,False,False,False,False
29,q19,GGTATGC,1,0,0.0,False,False,True,False
29,q19,GGTCGGT,1,0,0.0,False,False,False,False
29,q19,TTTGGGC,1,4,0.0,False,False,False,False
3,q24,GAGTGTG,14220,13854,0.0,True,False,False,False
3,q23,AGTTATT,9876,9396,0.0,True,False,False,False
3,q23,GAGTGTG,614,560,0.0,False,True,False,True
3,q24,AGTTATT,607,532,0.0,False,True,False,True
3,q24,GAGTTTG,34,7,0.0,False,False,True,False
3,q24,GAGTGCG,20,8,0.0,False,False,True,False
3,q24,GAGCGTG,19,15,0.0,False,False,True,False
3,q24,GAGTATG,18,16,0.0,False,False,True,False
3,q24,GATTGTG,17,3,0.0,False,False,True,False
3,q23,AGTTCTT,13,0,0.0,False,False,True,False
3,q24,GAGTGTT,11,4,0.0,False,False,True,False
3,q24,GAGTGTA,9,9,0.0,False,False,True,False
3,q23,AGCTATT,9,1,0.0,False,False,True,False
3,q24,GAGTGAG,6,2,0.0,False,False,True,False
3,q24,TAGTGTG,6,5,0.0,False,False,True,False
3,q19,AGTTATT,4,1,0.0,False,True,False,False
3,q23,TGTTATT,4,3,0.0,False,False,True,False
3,q23,AGTCATT,3,1,0.0,False,False,True,False
3,q24,GAGTCTG,3,1,0.0,False,False,True,False
3,q24,GCGTGTG,3,0,0.0,False,False,True,False
3,q23,GAGTGTT,2,2,0.0,False,True,True,False
3,q24,GAGTGGG,2,0,0.0,False,False,True,False
3,q24,GAGGGTG,2,2,0.0,False,False,True,False
3,q23,GATTGTG,2,1,0.0,False,True,True,False
3,q24,GTGTGTG,2,1,0.0,False,False,True,False
3,q23,AGTTATC,2,1,0.0,False,False,True,False
3,q23,AGTTATA,2,2,0.0,False,False,True,False
3,q23,AGTTTTT,2,1,0.0,False,False,True,False
3,q23,GAGAGTG,2,1,0.0,False,True,True,False
3,q23,AGTTGTT,2,1,0.0,False,False,True,False
3,q19,TAGTGTG,1,0,0.0,False,True,True,False
3,q24,TATTGTG,1,0,0.0,False,False,False,False
3,q19,TATGTAC,1,1,0.0,False,False,False,False
3,q19,GAGTGTG,1,0,0.0,False,True,False,False
3,q19,GTAAGTG,1,1,0.0,False,False,False,False
3,q24,GGCTGTA,1,0,0.0,False,False,False,False
3,q24,GGGTGTG,1,1,0.0,False,False,True,False
3,q19,TGTAGTT,1,1,0.0,False,False,False,False
3,q23,GGCTATT,1,0,0.0,False,False,False,False
3,q24,GAGTTTT,1,0,0.0,False,False,False,False
3,q23,GGTTATT,1,1,0.0,False,False,True,False
3,q27,GAGTGTG,1,1,0.0,False,True,False,False
3,q23,AGATATT,1,1,0.0,False,False,True,False
3,q23,GAGTATG,1,1,0.0,False,True,True,False
3,q23,AGGTATT,1,0,0.0,False,False,True,False
3,q23,AGTAATT,1,1,0.0,False,False,True,False
3,q24,GAGAGTG,1,1,0.0,False,False,True,False
3,q23,AGTTAGT,1,1,0.0,False,False,True,False
3,q24,AGTCATT,1,1,0.0,False,True,True,False
3,q23,ATCTATT,1,0,0.0,False,False,False,False
3,q23,ATTTATT,1,2,0.0,False,False,True,False
3,q24,CCGGGGA,1,1,0.0,False,False,False,False
3,q23,CGTTATT,1,0,0.0,False,False,True,False
3,q24,AGTTCTT,1,0,0.0,False,True,True,False
3,q19,TGTCGGG,1,1,0.0,False,False,False,False
4,q23,GTTTCTG,28058,30154,0.0,True,False,False,False
4,q23,GTTTCTT,44,36,0.0,False,False,True,True
4,q23,GTTTCCG,27,24,0.0,False,False,True,True
4,q23,GTTTCTA,21,19,0.0,False,False,True,False
4,q23,GTTTATG,16,13,0.0,False,False,True,False
4,q23,TTTTCTG,15,23,0.0,False,False,True,False
4,q24,GTTTCTG,11,5,0.0,False,True,False,False
4,q23,GTTTTTG,9,9,0.0,False,False,True,False
4,q19,GTTTCTG,7,2,0.0,False,True,False,False
4,q23,GCTTCTG,6,3,0.0,False,False,True,False
4,q23,GTTTCAG,5,5,0.0,False,False,True,False
4,q23,GTTACTG,4,1,0.0,False,False,True,False
4,q23,GTTCCTG,4,2,0.0,False,False,True,False
4,q23,GTCTCTG,3,3,0.0,False,False,True,False
4,q23,ATTTCTG,3,3,0.0,False,False,True,False
4,q23,GGTTCTG,3,0,0.0,False,False,True,False
4,q23,CTTTCTG,2,1,0.0,False,False,True,False
4,q23,GTGTCTG,2,1,0.0,False,False,True,False
4,q23,ATTTCCG,1,1,0.0,False,False,False,False
4,q24,GAACTTC,1,0,0.0,False,False,False,False
4,q23,GATTCAT,1,0,0.0,False,False,False,False
4,q23,GATTCTG,1,1,0.0,False,False,True,False
4,q23,GTTGCTG,1,0,0.0,False,False,True,False
4,q23,GTTTCCT,1,0,0.0,False,False,False,False
4,q23,GTTTCGG,1,0,0.0,False,False,True,False
4,q23,GTTTCTC,1,0,0.0,False,False,True,False
4,q25,GTTTCTG,1,1,0.0,False,True,False,False
4,q23,GTTTGTG,1,1,0.0,False,False,True,False
4,q24,TTCGTGT,1,0,0.0,False,False,False,False
4,q19,TTGATAT,1,0,0.0,False,False,False,False
5,q19,GAACTTC,103126,149848,0.0,True,False,False,False
5,q23,GAACTTC,81,23,0.0,False,True,False,True
5,q24,GAACTTC,77,24,0.0,False,True,False,True
5,q19,GAACATC,76,62,0.0,False,False,True,False
5,q19,GAAATTC,73,27,0.0,False,False,True,False
5,q19,GAACTCC,73,50,0.0,False,False,True,False
5,q19,GAACCTC,71,37,0.0,False,False,True,False
5,q19,GAACTTT,66,52,0.0,False,False,True,False
5,q19,GAACTTA,62,52,0.0,False,False,True,False
5,q19,GAACGTC,39,26,0.0,False,False,True,False
5,q19,TAACTTC,39,41,0.0,False,False,True,False
5,q19,GAATTTC,31,14,0.0,False,False,True,False
5,q19,AAACTTC,25,18,0.0,False,False,True,False
5,q19,GGACTTC,18,10,0.0,False,False,True,False
5,q19,GATCTTC,16,10,0.0,False,False,True,False
5,q19,GAACTAC,14,10,0.0,False,False,True,False
5,q19,GTACTTC,14,7,0.0,False,False,True,False
5,q19,GCACTTC,12,0,0.0,False,False,True,False
5,q19,GAGCTTC,10,8,0.0,False,False,True,False
5,q19,GATCCAT,8,1,0.0,False,False,False,False
5,q23,GTTTCTG,8,4,0.0,False,False,False,False
5,q23,ATTGTGT,7,5,0.0,False,False,False,False
5,q19,GAACCTT,6,0,0.0,False,False,False,False
5,q19,GAACTTG,6,2,0.0,False,False,True,False
5,q19,GACCTTC,6,1,0.0,False,False,True,False
5,q19,GAACTGC,5,2,0.0,False,False,True,False
5,q25,GAACTTC,4,2,0.0,False,True,False,False
5,q19,GAAGTTC,3,0,0.0,False,False,True,False
5,q19,GAATCTC,3,0,0.0,False,False,False,False
5,q19,GGGCTGG,2,0,0.0,False,False,False,False
5,q19,GTTTCTG,2,0,0.0,False,True,False,False
5,q19,TGAATGG,2,0,0.0,False,False,False,False
5,q19,CAACTTC,2,1,0.0,False,False,True,False
5,q19,GTCTGTG,1,0,0.0,False,False,False,False
5,q19,TAATGCC,1,0,0.0,False,False,False,False
5,q19,TGATTTG,1,0,0.0,False,False,False,False
5,q23,GCACCCG,1,0,0.0,False,False,False,False
5,q19,TGTATGG,1,0,0.0,False,False,True,False
5,q19,TGTTATG,1,0,0.0,False,False,False,False
5,q24,TGGAAGA,1,0,0.0,False,False,False,False
5,q19,GTCTATC,1,0,0.0,False,False,False,False
5,q23,GAATTTC,1,0,0.0,False,True,True,False
5,q24,GCACTTC,1,0,0.0,False,True,True,False
5,q19,GGTGGAC,1,0,0.0,False,False,False,False
5,q19,GATCCTT,1,0,0.0,False,False,True,False
5,q19,GATGGTC,1,0,0.0,False,False,False,False
5,q23,GATTTTC,1,0,0.0,False,False,False,False
5,q19,GATTTTC,1,0,0.0,False,False,False,False
5,q19,GACACAT,1,0,0.0,False,False,False,False
5,q19,GAACTGA,1,0,0.0,False,False,False,False
5,q19,GAATTTA,1,0,0.0,False,False,False,False
5,q19,AAATTCC,1,0,0.0,False,False,False,False
5,q19,AGGCGCC,1,0,0.0,False,False,False,False
5,q19,ATCCTTT,1,0,0.0,False,False,False,False
5,q19,CCACTTC,1,0,0.0,False,False,False,False
5,q24,CTAAATT,1,0,0.0,False,False,False,False
5,q19,GAAAGTC,1,0,0.0,False,False,False,False
5,q19,ATACTTC,1,0,0.0,False,False,False,False
5,q19,GAACTAT,1,0,0.0,False,False,False,False
5,q19,GAACCCC,1,0,0.0,False,False,False,False
5,q19,GAATTCC,1,0,0.0,False,False,False,False
5,q19,GAATCTA,1,0,0.0,False,False,True,False
5,q19,AAACTCC,1,0,0.0,False,False,False,False
5,q27,GAACTTC,1,0,0.0,False,True,False,False
5,q26,GAACTTC,1,0,0.0,False,True,False,False
5,q19,TTGCAAA,1,0,0.0,False,False,False,False
6,q23,GTTTCTG,23803,24691,0.0,False,False,False,False
6,q23,GTTTCTA,28,25,0.0,False,False,True,True
6,q23,GTTTCCG,22,17,0.0,False,False,True,True
6,q23,GTTTCTT,14,16,0.0,False,False,True,False
6,q23,GCTTCTG,7,3,0.0,False,False,True,False
6,q23,GGTTCTG,7,0,0.0,False,False,True,False
6,q24,GTTTCTG,7,2,0.0,False,True,False,False
6,q23,TTTTCTG,7,15,0.0,False,False,True,False
6,q23,GTTCCTG,6,4,0.0,False,False,True,False
6,q23,GTTTATG,6,5,0.0,False,False,True,False
6,q23,GTTTTTG,5,4,0.0,False,False,True,False
6,q23,GTTTCAG,4,2,0.0,False,False,True,False
6,q19,GAACTTC,3,2,0.0,False,False,False,False
6,q23,GTTACTG,3,1,0.0,False,False,True,False
6,q23,GTTTCGG,2,1,0.0,False,False,True,False
6,q23,GTTTCTC,2,1,0.0,False,False,True,False
6,q23,GTTTGTG,2,1,0.0,False,False,True,False
6,q26,ACTGCGT,1,0,0.0,False,False,False,False
6,q23,ATTGTGT,1,1,0.0,False,False,False,False
6,q23,CTTTCTG,1,0,0.0,False,False,True,False
6,q23,GAACTTC,1,0,0.0,False,True,False,False
6,q23,GATTCTG,1,0,0.0,False,False,True,False
6,q23,GCTGGCG,1,0,0.0,False,False,False,False
6,q23,GCTTTTC,1,0,0.0,False,False,False,False
6,q23,GTGTCTG,1,0,0.0,False,False,True,False
6,q23,GTTGCTG,1,0,0.0,False,False,True,False
6,q25,GTTTCTG,1,0,0.0,False,True,False,False
6,q24,GTTTCTT,1,0,0.0,False,True,True,False
6,q19,TGTATGG,1,1,0.0,False,False,False,False
6,q19,TGTTCTG,1,0,0.0,False,False,False,False
6,q26,TTCGAGA,1,1,0.0,False,False,False,False
6,q27,TTTGACC,1,1,0.0,False,False,False,False
7,q23,ATTGTGT,28025,28960,0.0,True,False,False,False
7,q23,ATTTTGT,138,10,0.0,False,False,True,True
7,q23,ATTGCGT,69,22,0.0,False,False,True,True
7,q23,ATTGTGC,29,16,0.0,False,False,True,False
7,q23,ATTGTAT,18,16,0.0,False,False,True,False
7,q23,ATTATGT,16,11,0.0,False,False,True,False
7,q23,ATTGTTT,14,13,0.0,False,False,True,False
7,q23,ATTGTGG,9,0,0.0,False,False,True,False
7,q24,ATTGTGT,8,2,0.0,False,True,False,False
7,q23,ATCGTGT,6,2,0.0,False,False,True,False
7,q23,ATTGGGT,5,0,0.0,False,False,True,False
7,q19,GAACTTC,4,1,0.0,False,False,False,False
7,q23,TTTGTGT,4,2,0.0,False,False,True,False
7,q19,TGATGCC,4,4,0.0,False,False,False,False
7,q23,ACTGTGT,4,4,0.0,False,False,True,False
7,q23,ATTGAGT,4,0,0.0,False,False,True,False
7,q23,ATTCTGT,4,0,0.0,False,False,True,False
7,q23,ATTGCGG,3,0,0.0,False,False,False,False
7,q23,ATTTCGT,3,0,0.0,False,False,False,False
7,q23,GATCCAT,2,0,0.0,False,False,False,False
7,q23,GTTTCTG,2,2,0.0,False,False,False,False
7,q23,GTTGTGT,2,1,0.0,False,False,True,False
7,q19,GGTGGGC,2,1,0.0,False,False,False,False
7,q27,ATCCGTT,2,0,0.0,False,False,False,False
7,q23,CTTGTGT,2,0,0.0,False,False,True,False
7,q19,ATTGTGT,2,0,0.0,False,True,False,False
7,q23,ATTCCGT,2,0,0.0,False,False,True,False
7,q23,AGTGTGG,1,0,0.0,False,False,False,False
7,q23,ATAGAGT,1,0,0.0,False,False,False,False
7,q23,ATAGTGT,1,1,0.0,False,False,True,False
7,q23,ATTGCGA,1,0,0.0,False,False,True,False
7,q23,ATTGCTT,1,0,0.0,False,False,False,False
7,q23,ATTGGGC,1,0,0.0,False,False,False,False
7,q23,ATTGTGA,1,0,0.0,False,False,True,False
7,q23,ATTTTGC,1,0,0.0,False,False,False,False
7,q24,CTAAATT,1,0,0.0,False,False,False,False
7,q23,GAACTTC,1,0,0.0,False,True,False,False
7,q23,GTTGGGC,1,0,0.0,False,True,True,False
