,qtag,barcode,readsPF,reads_raw,mcountsPF,mcounts_raw,idx
0,None,None,72858,76734,17798,17798,180-12
1,None,TTGTGGC,3460,3870,3008,3008,180-12
2,None,CGGTGTG,1639,1845,1503,1503,180-12
3,q19,TTGTGGC,1616,1816,1453,1453,180-12
4,q24,CGGTGTG,746,852,707,707,180-12
5,None,TCGCCCC,202,219,171,171,180-12
6,None,ATGATGG,158,189,149,149,180-12
7,None,CGTCCTG,164,191,149,149,180-12
8,None,GTCTGGG,109,128,103,103,180-12
9,None,GGGCGTC,116,128,98,98,180-12
10,None,TTCGTGT,95,104,85,85,180-12
11,q19,ATGATGG,75,87,74,74,180-12
12,None,GGCGGAA,79,84,63,63,180-12
13,None,GGCTATG,56,63,57,57,180-12
14,q19,CGTCCTG,53,65,56,56,180-12
15,q27,GGGCGTC,56,62,56,56,180-12
16,q19,GTCTGGG,48,60,53,53,180-12
17,q24,TCGCCCC,53,61,52,52,180-12
18,q19,None,138,145,46,46,180-12
19,None,TTGCAGG,45,50,45,45,180-12
20,q19,TTCGTGT,44,47,40,40,180-12
21,None,GTCCTGA,44,47,35,35,180-12
22,None,GGTGTTA,36,40,33,33,180-12
23,q24,GGCTATG,32,35,31,31,180-12
24,None,CGGTGTT,2,32,31,31,180-12
25,q19,GGCGGAA,23,26,23,23,180-12
26,q19,TTGCAGG,13,19,18,18,180-12
27,q19,GTCCTGA,18,22,18,18,180-12
28,q19,TCGCCCC,20,23,17,17,180-12
29,None,GCTTTAG,7,14,14,14,180-12
30,q19,CGGTGTG,12,14,14,14,180-12
31,None,CTGATGG,6,16,14,14,180-12
32,q24,TTGTGGC,10,13,13,13,180-12
33,q24,CGGTGTT,1,12,11,11,180-12
34,q24,None,193,195,11,11,180-12
35,None,CTGGCGT,5,11,11,11,180-12
36,None,TTGTGAC,9,12,11,11,180-12
37,q24,GCTTTAG,6,8,8,8,180-12
38,q27,GGTGTTA,8,8,8,8,180-12
39,q19,AGTCGAT,6,6,5,5,180-12
40,None,TTATGGC,3,5,5,5,180-12
41,None,CGTCCTT,0,5,5,5,180-12
42,None,AGTCGAT,5,5,4,4,180-12
43,q27,GCGGTAG,4,5,4,4,180-12
44,None,TTGCGGC,3,4,4,4,180-12
45,q19,CGTCCTT,0,3,3,3,180-12
46,q19,TTGTGAC,3,3,3,3,180-12
47,None,TTGTGGT,1,3,3,3,180-12
48,None,GCGGTAG,3,3,3,3,180-12
49,None,CGATGTG,1,3,3,3,180-12
50,q27,None,92,92,3,3,180-12
51,q19,TTGCGGC,1,2,2,2,180-12
52,q19,CTGGCGT,1,2,2,2,180-12
53,q19,GTCCCGA,2,2,2,2,180-12
54,q24,ATGATGG,0,2,2,2,180-12
55,None,ATGATGT,2,2,2,2,180-12
56,None,CGGAGTT,1,2,2,2,180-12
57,None,CGGTGGC,2,2,2,2,180-12
58,q27,TTGTGGC,1,2,2,2,180-12
59,None,TCGTGGC,2,2,2,2,180-12
60,q25,None,120,120,2,2,180-12
61,q19,TTGTGTC,0,1,1,1,180-12
62,q24,GGCTATT,0,1,1,1,180-12
63,q24,GGGCGTC,1,1,1,1,180-12
64,q24,TATCGTC,0,1,1,1,180-12
65,q19,TTGTGGT,1,1,1,1,180-12
66,q24,CGGTGCT,0,1,1,1,180-12
67,q24,GGCGGAA,1,1,1,1,180-12
68,q27,CGGTGTG,0,1,1,1,180-12
69,q27,GGTGTCA,1,1,1,1,180-12
70,q27,GGCGTTA,0,1,1,1,180-12
71,q26,None,60,60,1,1,180-12
72,q19,TTGTTGC,1,1,1,1,180-12
73,q24,CGATGTG,0,1,1,1,180-12
74,q27,GCGGTAT,0,1,1,1,180-12
75,q24,CGGTGCG,1,1,1,1,180-12
76,None,ACCAGAG,0,1,1,1,180-12
77,q19,TTGAGGC,1,1,1,1,180-12
78,None,CTGTGGC,1,1,1,1,180-12
79,None,CGATGTT,0,1,1,1,180-12
80,None,CGCTGTG,1,1,1,1,180-12
81,None,CGGCGTG,1,1,1,1,180-12
82,None,CGGCGTT,0,1,1,1,180-12
83,None,CGGTATG,1,1,1,1,180-12
84,None,CGGTGAG,0,1,1,1,180-12
85,None,CGGTGCG,1,1,1,1,180-12
86,None,CGGTGTA,1,1,1,1,180-12
87,None,CGTAAAC,1,1,1,1,180-12
88,None,CGTACTG,0,1,1,1,180-12
89,None,CGTCATG,1,1,1,1,180-12
90,None,CGTTCTG,1,1,1,1,180-12
91,None,CTGATGT,0,1,1,1,180-12
92,None,GGCTATT,0,1,1,1,180-12
93,q19,TCGTGGC,0,1,1,1,180-12
94,None,GGGTGCT,1,1,1,1,180-12
95,None,GGTTATG,1,1,1,1,180-12
96,None,GTCCCGA,1,1,1,1,180-12
97,None,GTCTGGC,1,1,1,1,180-12
98,None,TCGCCCT,1,1,1,1,180-12
99,None,TCGTCCC,0,1,1,1,180-12
100,None,TGGTTTC,0,1,1,1,180-12
101,None,TTCATGT,1,1,1,1,180-12
102,None,TTGTGGA,0,1,1,1,180-12
103,q19,ATGATGT,0,1,1,1,180-12
104,q19,CTGATGG,0,1,1,1,180-12
105,q19,GTCTGGT,0,1,1,1,180-12
106,q19,TAGCCCC,1,1,1,1,180-12
107,None,TTGTGGG,0,1,1,1,180-12
0,None,None,29194,31503,12640,12640,180-10
1,None,TTGTGGC,10671,12148,7408,7408,180-10
2,q19,TTGTGGC,4600,5153,3516,3516,180-10
3,None,CGGTGTG,2349,2658,1675,1675,180-10
4,q24,CGGTGTG,1104,1249,878,878,180-10
5,None,TTTGGGA,429,506,340,340,180-10
6,None,ATGATGG,397,482,306,306,180-10
7,None,TATGTTC,389,473,297,297,180-10
8,None,GTCTTCA,399,437,272,272,180-10
9,None,GGGGATA,389,419,263,263,180-10
10,None,GTTGAAT,258,289,195,195,180-10
11,None,GTTCCTC,261,286,185,185,180-10
12,None,CGTGAAC,252,283,174,174,180-10
13,q19,TATGTTC,186,227,163,163,180-10
14,None,TCGCCCC,226,252,161,161,180-10
15,None,GGGTCAC,232,258,155,155,180-10
16,q19,None,225,245,152,152,180-10
17,q24,TTTGGGA,174,205,152,152,180-10
18,None,TTGTGTC,210,241,141,141,180-10
19,q19,ATGATGG,164,191,134,134,180-10
20,None,TGGGCAT,191,215,128,128,180-10
21,q19,GTCTTCA,169,186,128,128,180-10
22,q19,GGGGATA,162,181,127,127,180-10
23,None,TGTCCCC,156,173,118,118,180-10
24,q25,CGTGAAC,151,171,114,114,180-10
25,q19,GTTGAAT,139,156,104,104,180-10
26,q24,GTTCCTC,129,151,101,101,180-10
27,q24,TCGCCCC,116,127,95,95,180-10
28,q19,GGGTCAC,96,107,80,80,180-10
29,None,TAGTGTC,107,125,79,79,180-10
30,q19,TTGTGTC,81,96,66,66,180-10
31,q24,TGTCCCC,76,82,62,62,180-10
32,q26,TAGTGTC,75,83,61,61,180-10
33,None,CTCTTGG,76,87,59,59,180-10
34,None,CATCGTC,77,91,58,58,180-10
35,None,CGGTGTT,2,47,46,46,180-10
36,None,TCTGTTC,17,44,36,36,180-10
37,q19,CATCGTC,36,39,32,32,180-10
38,q24,TTGTGGC,28,31,30,30,180-10
39,None,TTGTGAC,21,29,28,28,180-10
40,None,CTGATGG,8,25,22,22,180-10
41,q19,CTCTTGG,28,34,20,20,180-10
42,q24,None,50,54,18,18,180-10
43,None,GGGTGCT,23,26,18,18,180-10
44,q19,CGGTGTG,15,17,17,17,180-10
45,q24,CGGTGTT,0,18,17,17,180-10
46,q19,TTGTGAC,15,18,17,17,180-10
47,None,TTGTAGC,15,19,16,16,180-10
48,q19,TCTGTTC,5,16,14,14,180-10
49,None,ACAATGA,10,11,11,11,180-10
50,None,CGTAAAC,7,11,11,11,180-10
51,None,ATGATGT,1,12,11,11,180-10
52,q19,CTGATGG,4,11,10,10,180-10
53,None,TCGTGTC,4,10,8,8,180-10
54,q19,GGGTGCT,8,9,8,8,180-10
55,q19,TTGTAGC,6,8,7,7,180-10
56,None,TTGCGGC,6,7,7,7,180-10
57,None,CCTCGTC,4,8,7,7,180-10
58,q19,TTTGGGA,5,7,7,7,180-10
59,q25,ACAATGA,3,6,6,6,180-10
60,q26,CGTAAAC,3,6,6,6,180-10
61,None,GGTGGGT,5,5,5,5,180-10
62,q24,CGATGTG,5,7,5,5,180-10
63,None,TTATGGC,5,5,5,5,180-10
64,None,CGGCGTG,6,7,5,5,180-10
65,None,CGATGTG,5,5,5,5,180-10
66,q19,TAGTGTC,4,4,4,4,180-10
67,None,GGGCGGC,3,4,4,4,180-10
68,q19,CGTGAAC,4,4,4,4,180-10
69,None,CGGTATG,4,4,4,4,180-10
70,q19,ATGATGT,1,4,4,4,180-10
71,None,ACCATGA,0,4,4,4,180-10
72,None,TCGTGGC,1,4,4,4,180-10
73,q19,TCACTAT,2,3,3,3,180-10
74,None,TTGTGGT,2,3,3,3,180-10
75,None,CGGTGTC,0,3,3,3,180-10
76,q26,TCGTGTC,1,5,3,3,180-10
77,None,GGAGCCA,3,3,3,3,180-10
78,q24,CGGCGTG,2,3,3,3,180-10
79,None,GAGGAGT,1,4,3,3,180-10
80,None,CCAGTTG,3,3,3,3,180-10
81,q25,TTGTGGC,1,3,3,3,180-10
82,q25,GGAGCCA,0,2,2,2,180-10
83,q27,GTGCGTT,1,2,2,2,180-10
84,q19,CCTTATT,2,2,2,2,180-10
85,None,CGGGGTG,0,2,2,2,180-10
86,q25,None,20,20,2,2,180-10
87,None,CATCATC,2,2,2,2,180-10
88,q24,TATGTTC,1,2,2,2,180-10
89,q19,TTGTGGT,2,2,2,2,180-10
90,q24,CGTGAAC,2,2,2,2,180-10
91,None,CCTTATT,1,2,2,2,180-10
92,q24,ATGATGG,2,2,2,2,180-10
93,None,CCCGTCT,2,2,2,2,180-10
94,q19,TTGCGGC,2,3,2,2,180-10
95,None,CCGCCTG,0,2,2,2,180-10
96,None,CGCTTTG,2,2,2,2,180-10
97,None,GTGCGTT,2,2,2,2,180-10
98,None,CTGTGGC,2,2,2,2,180-10
99,None,GTTAAAT,3,3,2,2,180-10
100,None,TATCGTC,2,2,2,2,180-10
101,None,CTCTTGT,2,2,2,2,180-10
102,None,TGCTAAG,1,2,2,2,180-10
103,None,TCGCCAC,2,2,2,2,180-10
104,None,TTGTCGC,2,2,2,2,180-10
105,None,CTGATGT,0,2,2,2,180-10
106,None,TTGTTGC,0,1,1,1,180-10
107,q24,TTGTGCC,1,1,1,1,180-10
108,q24,TTGTGAC,1,1,1,1,180-10
109,None,GTGCATT,0,1,1,1,180-10
110,q24,TCTGTTC,1,1,1,1,180-10
111,None,CACCGAA,0,1,1,1,180-10
112,q24,GTTGAAT,1,1,1,1,180-10
113,q24,TATCGTC,0,1,1,1,180-10
114,None,GTGTGGC,0,1,1,1,180-10
115,q24,TTGTGTC,1,1,1,1,180-10
116,None,CATGTTC,0,1,1,1,180-10
117,q24,GTTCCCC,1,1,1,1,180-10
118,q24,GTCTTCA,1,1,1,1,180-10
119,q24,GCTTTAG,0,1,1,1,180-10
120,q24,CGTGAAG,1,1,1,1,180-10
121,None,ATGACGG,1,1,1,1,180-10
122,None,AGGTGTG,0,1,1,1,180-10
123,None,GCGGTAG,1,1,1,1,180-10
124,q26,TAGCGTC,1,1,1,1,180-10
125,q27,None,17,17,1,1,180-10
126,None,GGGGATG,0,1,1,1,180-10
127,q27,GCGGTAG,1,1,1,1,180-10
128,q27,CGCATAG,1,1,1,1,180-10
129,q26,TTGTGAC,0,1,1,1,180-10
130,q26,TGCTAAG,1,1,1,1,180-10
131,None,GGCGCCA,0,1,1,1,180-10
132,None,AGGGATA,0,1,1,1,180-10
133,q26,TAGTGGC,1,1,1,1,180-10
134,q26,None,8,8,1,1,180-10
135,None,GTGATGG,1,1,1,1,180-10
136,None,GGTCCTC,0,1,1,1,180-10
137,None,GGTGAAT,0,1,1,1,180-10
138,None,GTCTCCA,0,1,1,1,180-10
139,q25,GGCGCCA,0,1,1,1,180-10
140,None,GCTTTAG,1,1,1,1,180-10
141,None,AGGTCAC,1,1,1,1,180-10
142,q25,CGGTGTG,1,1,1,1,180-10
143,q25,CCAATGA,0,1,1,1,180-10
144,q25,ACCATGA,0,1,1,1,180-10
145,None,CCAATGA,0,1,1,1,180-10
146,None,CTGGCGT,1,1,1,1,180-10
147,q24,CGGTGGG,0,1,1,1,180-10
148,q19,CGGTGGC,1,1,1,1,180-10
149,q19,GGATGCT,0,1,1,1,180-10
150,q19,CTGGCGT,1,1,1,1,180-10
151,q19,CTGATGT,0,1,1,1,180-10
152,None,TTCCTGC,0,1,1,1,180-10
153,None,CGGCGTT,1,1,1,1,180-10
154,q19,CTAATGG,0,1,1,1,180-10
155,None,TTGAGGC,1,1,1,1,180-10
156,None,TTGGGGC,1,1,1,1,180-10
157,q19,CCTCGTC,1,1,1,1,180-10
158,q24,CGGTGCG,0,1,1,1,180-10
159,None,CGGTTTT,0,1,1,1,180-10
160,q19,CATCATC,1,1,1,1,180-10
161,None,TTGTGGA,1,1,1,1,180-10
162,None,CGGTATT,0,1,1,1,180-10
163,None,TTTTGGC,0,1,1,1,180-10
164,None,TTTTGGA,1,1,1,1,180-10
165,None,TTTGTGA,1,1,1,1,180-10
166,None,TTTGGGG,0,1,1,1,180-10
167,None,TTAGGGA,0,1,1,1,180-10
168,None,GGGGATC,0,1,1,1,180-10
169,None,TGTTCCC,1,1,1,1,180-10
170,None,CGCTGTG,1,1,1,1,180-10
171,None,CGGTGGG,0,1,1,1,180-10
172,q24,CCAGTTG,1,1,1,1,180-10
173,q19,TTTGTTC,1,1,1,1,180-10
174,None,CTGGAGA,0,1,1,1,180-10
175,q19,TTGTTGC,1,1,1,1,180-10
176,None,TCATCCA,1,1,1,1,180-10
177,None,CCCGTTG,1,1,1,1,180-10
178,None,TCGCCGC,0,1,1,1,180-10
179,None,CTGAGGT,0,1,1,1,180-10
180,q19,TTATGGC,1,1,1,1,180-10
181,None,CCGTGTG,0,1,1,1,180-10
182,q19,TCGTGGC,1,1,1,1,180-10
183,q19,TCGCCCC,1,1,1,1,180-10
184,None,TGGTGTG,1,1,1,1,180-10
185,None,TGTAAAG,0,1,1,1,180-10
186,q19,GTTGGAT,1,1,1,1,180-10
187,None,CGTGAAG,0,1,1,1,180-10
188,q27,TATCGTC,1,1,1,1,180-10
0,None,GGGATAT,35725,43042,34253,34253,24
1,q24,GGGATAT,22133,26163,21939,21939,24
2,None,None,503,580,365,365,24
3,q24,None,269,304,199,199,24
4,None,GGAATAT,79,103,102,102,24
5,q24,GGAATAT,52,64,64,64,24
6,None,GGTATAT,15,69,64,64,24
7,None,GATCCAT,27,46,46,46,24
8,None,GGGCTAT,1,45,45,45,24
9,q24,GGTATAT,7,46,43,43,24
10,None,GGGTTAT,24,35,35,35,24
11,None,GTTTCTG,22,36,33,33,24
12,None,TGGATAT,24,38,29,29,24
13,q24,TGGATAT,17,23,21,21,24
14,None,GGGACAT,8,20,20,20,24
15,q19,GATCCAT,14,19,19,19,24
16,q24,GGGTTAT,14,19,19,19,24
17,None,GGGATTT,14,17,17,17,24
18,q23,GTTTCTG,12,17,17,17,24
19,q24,GGGCTAT,1,16,16,16,24
20,None,GCCCCTG,1,15,15,15,24
21,None,GGTTGAT,5,13,13,13,24
22,None,GGGGTAT,7,13,13,13,24
23,None,GGCATAT,6,13,13,13,24
24,None,GGGATCT,0,12,12,12,24
25,q24,GGGACAT,5,11,11,11,24
26,None,GGGATAC,8,10,10,10,24
27,None,TGTATGG,6,9,9,9,24
28,q24,GGGATTT,6,9,9,9,24
29,None,GTGATAT,5,12,9,9,24
30,q24,GTGATAT,7,11,8,8,24
31,q24,GGGAAAT,4,7,7,7,24
32,q24,GGGATAC,4,7,7,7,24
33,None,GGGAAAT,2,6,6,6,24
34,q24,GCGTCTC,6,6,6,6,24
35,None,GAACTTC,3,5,5,5,24
36,q19,GGGATAT,1,5,5,5,24
37,q24,GGCATAT,0,5,5,5,24
38,q24,GGGGTAT,2,5,5,5,24
39,q24,GGTTGAT,3,5,5,5,24
40,q19,TGTATGG,4,5,5,5,24
41,q24,GAGATAT,4,4,4,4,24
42,None,GAGATAT,3,4,4,4,24
43,q24,GGGATCT,0,4,4,4,24
44,None,GGGATAA,2,4,4,4,24
45,None,TCGGTTC,1,3,3,3,24
46,None,GGGCTGG,1,3,3,3,24
47,q23,None,2,3,3,3,24
48,None,GGGATAG,0,3,3,3,24
49,None,GCGTCTC,3,3,3,3,24
50,None,GGGATGT,1,3,3,3,24
51,q23,GCCCCTG,1,3,3,3,24
52,q23,GGGATAT,1,2,2,2,24
53,None,GCTCCTG,0,2,2,2,24
54,q24,GGGATAA,1,2,2,2,24
55,q24,GGGCCAT,0,2,2,2,24
56,q24,GGTCTAT,0,2,2,2,24
57,None,GGGCCAT,0,2,2,2,24
58,None,GGGACTT,0,2,2,2,24
59,q24,GTTTCTG,1,2,2,2,24
60,q24,GGGAGAT,0,1,1,1,24
61,q24,TTGATAT,0,7,1,1,24
62,q24,TGTATGG,0,1,1,1,24
63,q24,TGGCTAT,0,1,1,1,24
64,q24,GGTACAT,0,1,1,1,24
65,q24,GAACTTC,0,1,1,1,24
66,q24,TCGGTTC,1,1,1,1,24
67,q24,GGTTGTT,0,1,1,1,24
68,q24,GATCCAT,1,1,1,1,24
69,q24,GGGCTTG,0,1,1,1,24
70,None,ACGATAT,0,1,1,1,24
71,q24,GAACTAC,0,1,1,1,24
72,q24,AGGATAT,1,1,1,1,24
73,None,GATACAT,0,1,1,1,24
74,None,GATCTAT,0,1,1,1,24
75,None,GCCATAT,0,1,1,1,24
76,None,GCGATAT,1,1,1,1,24
77,None,GCGCCTG,0,1,1,1,24
78,None,GGAATTT,0,1,1,1,24
79,None,GGCATTT,0,1,1,1,24
80,None,GGCCTAT,0,1,1,1,24
81,None,GGGAGAT,0,1,1,1,24
82,None,GGGATGC,0,1,1,1,24
83,None,GGGTCTG,0,1,1,1,24
84,None,GGGTTTT,0,1,1,1,24
85,None,GGTATAG,0,1,1,1,24
86,None,GGTCCAT,0,1,1,1,24
87,None,GGTCTAT,0,1,1,1,24
88,None,GGTGGGC,1,1,1,1,24
89,None,GGTTCAT,0,1,1,1,24
90,None,GTGACTT,0,1,1,1,24
91,None,GTTATAT,4,9,1,1,24
92,None,TGATGCC,0,1,1,1,24
93,None,AGGATAT,1,1,1,1,24
94,None,TGGCTAT,0,1,1,1,24
95,None,TGTATAT,0,1,1,1,24
96,None,TTGATAT,1,5,1,1,24
97,None,TTTATAT,1,1,1,1,24
98,q19,GAACTTC,0,1,1,1,24
99,q19,GCCCCTG,0,1,1,1,24
100,q19,GTTTCTG,1,1,1,1,24
101,q23,TCGGTTC,0,1,1,1,24
102,q24,TTTATAT,1,3,1,1,24
0,None,TGTATGG,77749,90861,64609,64609,25
1,q19,TGTATGG,48312,55418,42568,42568,25
2,None,None,1107,1293,910,910,25
3,q19,None,718,818,562,562,25
4,None,TGTACGG,44,89,86,86,25
5,None,TGTATGT,54,86,80,80,25
6,q19,TGTACGG,36,58,58,58,25
7,None,TGTATGA,49,57,57,57,25
8,None,TGTATTG,42,64,55,55,25
9,None,TGTTTGG,42,53,52,52,25
10,None,TGTCTGG,0,49,48,48,25
11,q19,TGTATGA,38,43,43,43,25
12,None,TGCATGG,19,43,43,43,25
13,q19,TTTATGG,39,59,34,34,25
14,q19,TGTATGT,29,38,34,34,25
15,None,TTTATGG,34,69,32,32,25
16,q19,TGTATTG,27,33,28,28,25
17,q24,TGTATGG,4,26,26,26,25
18,q19,TGTCTGG,0,25,25,25,25
19,q23,TGTATGG,7,25,25,25,25
20,q19,TGTTTGG,18,24,22,22,25
21,None,TGTATAG,15,20,20,20,25
22,q19,TGCATGG,8,19,18,18,25
23,None,GTTTCTG,7,18,17,17,25
24,None,TGTGTGG,10,17,17,17,25
25,None,GATCCAT,8,16,16,16,25
26,None,TGAATGG,6,15,15,15,25
27,q19,TGTGTGG,12,14,14,14,25
28,None,TATATGG,10,13,12,12,25
29,None,CGTATGG,7,11,11,11,25
30,q19,TGTATAG,9,10,10,10,25
31,q23,GTTTCTG,4,10,10,10,25
32,q19,CGTATGG,4,10,10,10,25
33,None,TGGATGG,2,9,9,9,25
34,None,TGTAAGG,4,8,8,8,25
35,q19,GATCCAT,3,8,8,8,25
36,q19,TGGATGG,0,7,7,7,25
37,q19,TGTAAGG,4,6,6,6,25
38,None,TGTAGGG,3,6,6,6,25
39,q19,TGAATGG,5,6,6,6,25
40,None,TCTATGG,3,4,4,4,25
41,None,TGTATGC,1,4,4,4,25
42,None,AGTTATT,1,3,3,3,25
43,None,ATTGTGT,0,3,3,3,25
44,q19,TGTATGC,3,3,3,3,25
45,None,GAGTGTG,2,3,3,3,25
46,q19,TGTATAA,3,3,3,3,25
47,None,GGTATGG,2,3,3,3,25
48,None,TGTCCGG,0,2,2,2,25
49,q19,TGTATCG,2,2,2,2,25
50,None,GAACTTC,0,2,2,2,25
51,q19,GAACTTC,0,2,2,2,25
52,None,GGGATAT,1,3,2,2,25
53,q19,TATATGG,1,2,2,2,25
54,q19,TGTATTT,2,5,2,2,25
55,q19,TGTAGGG,0,2,2,2,25
56,q19,TGCCTGG,0,2,2,2,25
57,q23,GATCCAT,0,2,2,2,25
58,q24,GAGTGTG,0,2,2,2,25
59,q24,GCGTCTC,1,1,1,1,25
60,q19,TTCATGT,0,1,1,1,25
61,q24,AGTTATT,0,1,1,1,25
62,q23,TGTTTGG,0,1,1,1,25
63,q23,TGTCTGG,0,1,1,1,25
64,q19,TGTCTGT,0,1,1,1,25
65,q23,TGTACGG,0,1,1,1,25
66,q19,TGTTCGG,0,1,1,1,25
67,q19,TGTTGCG,0,1,1,1,25
68,None,AGTAGGG,0,1,1,1,25
69,q19,AGTATGG,1,1,1,1,25
70,q19,TGGGTTG,0,1,1,1,25
71,None,TGTTCGG,1,1,1,1,25
72,None,ATTATGT,0,1,1,1,25
73,None,CGTCGGG,0,1,1,1,25
74,None,CTAAATT,0,1,1,1,25
75,None,GGTACGG,0,1,1,1,25
76,None,GTTTTTG,0,1,1,1,25
77,None,TGAATTG,0,1,1,1,25
78,None,TGACTGG,0,1,1,1,25
79,None,TGCCTGG,0,1,1,1,25
80,None,TGGCTGG,0,1,1,1,25
81,None,TGTATAA,1,1,1,1,25
82,None,TGTATCG,1,1,1,1,25
83,None,TGTATTT,2,5,1,1,25
84,None,TGTCTGT,0,1,1,1,25
85,None,TGTTTTG,0,2,1,1,25
86,q19,TGCTTGG,0,1,1,1,25
87,None,TTAATGG,0,1,1,1,25
88,None,TTGATGG,0,1,1,1,25
89,None,TTGATTC,0,1,1,1,25
90,q19,AGCATGT,0,1,1,1,25
91,None,AGTATGG,1,1,1,1,25
92,q19,ATTGTGT,0,1,1,1,25
93,q19,CCGCTTT,0,1,1,1,25
94,q19,GCGTCTC,0,1,1,1,25
95,q19,GGCCCCT,0,1,1,1,25
96,q19,GGTACGG,0,1,1,1,25
97,q19,GGTATGG,0,1,1,1,25
98,q19,TCTATGG,0,1,1,1,25
99,q19,TGAAAGG,0,1,1,1,25
100,q25,TGTATGG,0,1,1,1,25
0,None,TGTATGG,37309,43930,34738,34738,26
1,q19,TGTATGG,22583,25697,21539,21539,26
2,None,None,521,622,439,439,26
3,q19,None,298,330,224,224,26
4,None,TGTACGG,21,39,38,38,26
5,None,TGTATTG,22,33,30,30,26
6,None,TGCATGG,10,26,26,26,26
7,None,TGTCTGG,0,26,26,26,26
8,q19,TGTATGT,18,23,23,23,26
9,None,TGTATGA,17,23,23,23,26
10,q23,TGTATGG,8,21,21,21,26
11,q19,TGTACGG,12,22,20,20,26
12,None,TGTTTGG,14,19,19,19,26
13,None,TGTATGT,11,21,18,18,26
14,q19,TGTATTG,13,20,16,16,26
15,q24,TGTATGG,7,14,14,14,26
16,q19,TGTATGA,11,14,14,14,26
17,q19,TGTCTGG,0,13,13,13,26
18,None,TTTATGG,17,38,13,13,26
19,None,TGTGTGG,9,12,12,12,26
20,None,TGTATAG,9,10,10,10,26
21,q19,TGTTTGG,8,10,10,10,26
22,None,TGAATGG,3,10,10,10,26
23,q19,TGAATGG,2,9,9,9,26
24,None,GTTTCTG,2,8,8,8,26
25,q19,TGCATGG,4,6,6,6,26
26,None,CGTATGG,3,5,5,5,26
27,q19,TGTGTGG,5,5,5,5,26
28,None,AGTATGG,4,5,5,5,26
29,q19,TTTATGG,8,13,4,4,26
30,q19,TGGATGG,0,4,4,4,26
31,None,TGGATGG,0,4,4,4,26
32,q19,TGTATAG,3,4,4,4,26
33,q19,TATATGG,3,4,4,4,26
34,None,TGTAAGG,3,4,4,4,26
35,None,TATATGG,3,3,3,3,26
36,None,TGTAGGG,0,3,3,3,26
37,q19,TGTAAGG,1,3,3,3,26
38,q19,TGTAGGG,1,2,2,2,26
39,q19,TGTATCG,2,2,2,2,26
40,q19,GGTGGGC,0,2,2,2,26
41,None,TGTCCGG,0,2,2,2,26
42,None,TGTATGC,2,2,2,2,26
43,None,GGTGGGC,0,2,2,2,26
44,q19,TGTATGC,1,1,1,1,26
45,q23,GTTTCTG,1,1,1,1,26
46,q24,TGTATGT,0,1,1,1,26
47,q19,TTCATGG,0,1,1,1,26
48,q19,CCGCTTT,1,1,1,1,26
49,q19,GGTTTGG,0,1,1,1,26
50,q19,GATCCAT,0,1,1,1,26
51,q19,CTTATGG,0,1,1,1,26
52,q19,CGTATGG,1,1,1,1,26
53,q19,CGCATGC,0,1,1,1,26
54,None,CGGGGAC,0,1,1,1,26
55,None,TTGATGG,0,2,1,1,26
56,None,TGTATTT,0,3,1,1,26
57,None,TGTATCG,1,1,1,1,26
58,None,TCTATGG,0,1,1,1,26
59,None,TCGGTTC,0,1,1,1,26
60,None,GGTATGG,0,1,1,1,26
61,None,GGGATAT,0,1,1,1,26
62,q27,TGTATGG,1,1,1,1,26
0,None,ATCCTTT,43564,50605,39399,39399,27
1,q19,ATCCTTT,26404,30163,24880,24880,27
2,None,None,649,756,500,500,27
3,q19,None,395,441,310,310,27
4,None,ATCCCTT,38,56,54,54,27
5,None,TGTATGG,37,52,52,52,27
6,None,ATCATTT,25,42,41,41,27
7,q19,ATCCCTT,20,36,36,36,27
8,q19,TGTATGG,21,28,28,28,27
9,None,ATCCATT,21,23,23,23,27
10,q19,ATCATTT,14,22,22,22,27
11,None,GGTGGGC,10,19,19,19,27
12,None,ATTCTTT,4,19,19,19,27
13,None,ATCCTCT,9,18,18,18,27
14,None,GTTTCTG,11,17,17,17,27
15,None,GAACTTC,6,13,13,13,27
16,q19,ATCCATT,11,13,13,13,27
17,None,GATCCAT,8,13,13,13,27
18,None,ACCCTTT,5,12,12,12,27
19,None,CTCCTTT,0,12,11,11,27
20,None,TTCCTTT,6,10,10,10,27
21,q19,ATCTTTT,8,10,10,10,27
22,None,ATCTTTT,5,10,10,10,27
23,None,ATCCTTG,0,9,9,9,27
24,q23,ATCCTTT,2,8,8,8,27
25,None,ATCCTTC,7,8,8,8,27
26,None,ATACTTT,3,8,8,8,27
27,q24,ATCCTTT,2,8,8,8,27
28,None,ATCCGTT,5,8,8,8,27
29,None,ATCCTAT,3,7,7,7,27
30,q19,GATCCAT,4,7,7,7,27
31,q19,GGTGGGC,2,7,7,7,27
32,q19,GAACTTC,5,6,6,6,27
33,q19,ATCCTTA,3,5,5,5,27
34,q19,ATCCTTC,6,6,5,5,27
35,None,GGGATAT,4,5,5,5,27
36,q19,ATTCTTT,2,5,5,5,27
37,q19,ATCCTAT,4,5,5,5,27
38,None,ATCCTTA,2,5,5,5,27
39,q19,ATCCGTT,3,5,5,5,27
40,q19,ATCCTCT,2,4,4,4,27
41,q19,CTCCTTT,0,4,4,4,27
42,None,GTCCTTT,2,3,3,3,27
43,None,AACCTTT,2,3,3,3,27
44,q19,TTCCTTT,2,3,3,3,27
45,None,ATCGTTT,0,3,3,3,27
46,q19,ATCCTTG,1,3,3,3,27
47,q19,AACCTTT,1,3,3,3,27
48,q19,ATCCTGT,2,2,2,2,27
49,q27,ATCCTTT,0,2,2,2,27
50,None,ATCTCTT,0,2,2,2,27
51,q19,GCGTCTC,0,1,1,1,27
52,q19,TGATGCC,0,1,1,1,27
53,q19,ATTTCTT,0,1,1,1,27
54,q19,CCGCTTT,0,1,1,1,27
55,q24,None,0,1,1,1,27
56,q23,GTTTCTG,0,1,1,1,27
57,q23,GTTCCTG,0,1,1,1,27
58,q19,TGTACGG,0,1,1,1,27
59,q19,GTTTCTG,1,1,1,1,27
60,q23,TGTATGG,1,1,1,1,27
61,q19,GTTCCTG,0,1,1,1,27
62,q24,GGTTGAT,0,1,1,1,27
63,q19,GTCCTTT,1,1,1,1,27
64,q19,GGTGTGC,0,1,1,1,27
65,q24,GGGATAT,0,1,1,1,27
66,q24,CTAAATT,0,1,1,1,27
67,q19,GAGACAC,1,1,1,1,27
68,q19,GGGATAT,0,1,1,1,27
69,None,AACCCTT,0,1,1,1,27
70,q19,ATTCCTT,0,1,1,1,27
71,None,GGTGGTC,1,1,1,1,27
72,None,ACCCTAT,0,1,1,1,27
73,None,AGCCTTT,0,1,1,1,27
74,None,ATCCCTG,0,1,1,1,27
75,None,ATCCTGT,1,1,1,1,27
76,None,ATTCCTT,0,1,1,1,27
77,None,ATTTCTT,0,1,1,1,27
78,None,ATTTTTT,0,1,1,1,27
79,None,CTAAATT,0,1,1,1,27
80,None,CTTTCCA,0,1,1,1,27
81,None,GCCCCTG,0,1,1,1,27
82,None,GGCCTTT,0,1,1,1,27
83,None,GGGGGGC,0,1,1,1,27
84,None,GGTTGGC,1,1,1,1,27
85,q19,ATCTGTT,0,1,1,1,27
86,None,GGTTTGC,0,1,1,1,27
87,None,GTCTTTT,0,1,1,1,27
88,None,GTGGTGG,1,1,1,1,27
89,None,GTTCCTG,0,1,1,1,27
90,None,TATCGAC,0,1,1,1,27
91,None,TGACGCT,0,1,1,1,27
92,q19,AACCCTT,0,1,1,1,27
93,q19,ACCCTTT,1,1,1,1,27
94,q19,AGCCTTT,0,1,1,1,27
95,q19,ATACTTT,0,1,1,1,27
96,q19,ATCCCTA,0,1,1,1,27
97,q19,ATCGTTT,0,1,1,1,27
98,q19,AACCTTG,0,1,1,1,27
0,None,GATCCAT,763073,880361,223413,223413,20
1,q19,GATCCAT,465296,529387,189720,189720,20
2,None,None,8164,9351,5250,5250,20
3,q19,None,4742,5317,3026,3026,20
4,None,GATACAT,207,459,438,438,20
5,None,GATTCAT,136,396,381,381,20
6,None,GATCAAT,164,344,326,326,20
7,q23,GATCCAT,73,254,247,247,20
8,None,GATCCAC,144,245,241,241,20
9,None,GATCTAT,106,230,227,227,20
10,q19,GATACAT,110,237,226,226,20
11,q24,GATCCAT,61,209,205,205,20
12,q19,GATCAAT,118,202,194,194,20
13,q19,GATTCAT,91,187,183,183,20
14,None,GTTTCTG,42,175,168,168,20
15,q19,GATCCAC,87,146,141,141,20
16,None,GACCCAT,64,140,134,134,20
17,None,GATCCTT,52,131,127,127,20
18,q19,GATCTAT,73,118,111,111,20
19,None,GATCCGT,80,113,110,110,20
20,None,TATCCAT,144,491,107,107,20
21,None,GATCCCT,2,130,104,104,20
22,None,GATCCAG,7,107,103,103,20
23,q19,GACCCAT,49,89,85,85,20
24,None,GCTCCAT,2,87,81,81,20
25,None,GGTCCAT,40,72,70,70,20
26,None,GATTTAT,58,69,67,67,20
27,None,GTTCCAT,18,67,65,65,20
28,None,CTAAATT,8,68,63,63,20
29,q19,GATCCGT,45,62,61,61,20
30,q19,TATCCAT,85,272,61,61,20
31,None,AATCCAT,44,65,60,60,20
32,q19,GATCCCT,5,65,51,51,20
33,q19,GATTTAT,41,47,46,46,20
34,q19,GCTCCAT,0,48,46,46,20
35,q19,GATCCTT,20,45,45,45,20
36,None,GATCCAA,25,42,40,40,20
37,q19,GATCCAG,1,39,39,39,20
38,q23,GTTTCTG,17,39,37,37,20
39,None,GAACCAT,13,36,36,36,20
40,None,TGTATGG,9,36,36,36,20
41,None,GAGCCAT,3,40,36,36,20
42,None,GATGCAT,15,32,32,32,20
43,q19,GGTCCAT,14,33,31,31,20
44,None,CATCCAT,8,40,31,31,20
45,None,GATCGAT,12,32,30,30,20
46,q19,GATCCAA,14,29,29,29,20
47,q19,AATCCAT,15,34,27,27,20
48,q19,GTTCCAT,8,25,25,25,20
49,q19,GAACCAT,10,25,24,24,20
50,q19,GATGCAT,10,22,22,22,20
51,q19,TGTATGG,6,19,19,19,20
52,q24,CTAAATT,5,17,17,17,20
53,None,GATTCTT,0,15,15,15,20
54,q19,GAGCCAT,0,14,13,13,20
55,q19,GATCGAT,5,11,11,11,20
56,None,ATCCTTT,2,11,11,11,20
57,q19,GTTTCTG,4,10,10,10,20
58,None,GTTCCTT,0,10,10,10,20
59,q19,ATCCTTT,2,9,9,9,20
60,q19,GAACTTC,1,9,9,9,20
61,q24,GTTTCTG,3,9,9,9,20
62,None,GGTGGGC,1,9,9,9,20
63,q27,GATCCAT,3,9,9,9,20
64,None,CCGCTTT,0,9,9,9,20
65,None,GAACTTC,0,9,9,9,20
66,None,GTTTCTT,0,8,8,8,20
67,None,CTAACTT,0,7,7,7,20
68,q19,CCGCTTT,0,7,7,7,20
69,None,GCCCCTG,1,7,7,7,20
70,q19,CATCCAT,3,10,7,7,20
71,None,GATAAAT,0,6,6,6,20
72,None,CTACATT,0,6,6,6,20
73,q19,GTTCCTT,0,6,6,6,20
74,q24,GGGATAT,1,5,5,5,20
75,q23,GATTCAT,0,5,5,5,20
76,q23,GATCCAG,0,5,5,5,20
77,None,GCGTCTC,1,5,5,5,20
78,q25,GATCCAT,2,5,5,5,20
79,None,GACCTAT,0,5,5,5,20
80,q24,None,4,6,5,5,20
81,None,GGGCTGG,0,4,4,4,20
82,None,GCTCCCT,0,4,4,4,20
83,None,GATCTTT,0,4,4,4,20
84,None,TGTTATG,0,4,4,4,20
85,None,GGTTGAT,1,4,4,4,20
86,None,CATCCTT,0,4,4,4,20
87,None,CTTCCTT,0,3,3,3,20
88,q23,None,0,3,3,3,20
89,None,GGAGTGG,0,3,3,3,20
90,None,GGGATAT,1,3,3,3,20
91,None,TGTACGG,0,3,3,3,20
92,q19,GATCTTT,0,3,3,3,20
93,None,GTTTCCG,0,3,3,3,20
94,None,GAGTGTG,0,3,3,3,20
95,None,ATTGCGT,0,3,3,3,20
96,q19,GATTCTT,0,3,3,3,20
97,None,ATTGTGT,0,3,3,3,20
98,q19,GATCATT,0,3,3,3,20
99,None,GATCTAC,0,3,3,3,20
100,q24,GATACAT,0,3,3,3,20
101,None,GATCCTG,0,3,3,3,20
102,None,GAGCCAC,0,3,3,3,20
103,None,GATTCAC,0,3,3,3,20
104,None,GATTCTG,0,3,3,3,20
105,q26,GATCCAT,2,3,3,3,20
106,None,GACCCAC,0,3,3,3,20
107,None,CATCTAT,0,2,2,2,20
108,q19,TGATGCC,0,2,2,2,20
109,q23,CTAAATT,0,2,2,2,20
110,None,TGTCTGG,0,2,2,2,20
111,None,GTTACTT,0,2,2,2,20
112,q19,TGTCCAT,0,2,2,2,20
113,None,GAGGCAT,0,2,2,2,20
114,None,GTTCCTG,0,2,2,2,20
115,None,AGTTATT,0,2,2,2,20
116,None,GTTCTTT,0,2,2,2,20
117,None,GATCTTC,0,2,2,2,20
118,None,GGTCCGC,0,2,2,2,20
119,q19,CCACCGC,0,2,2,2,20
120,q24,CTAACTT,0,2,2,2,20
121,None,CGGGTGC,0,2,2,2,20
122,None,TATCCCT,0,2,2,2,20
123,None,TATCTAT,0,2,2,2,20
124,q19,GCTCCTT,0,2,2,2,20
125,None,TGATGCC,0,2,2,2,20
126,None,TTTCTAT,0,2,2,2,20
127,q24,GATCCTT,0,2,2,2,20
128,q19,GATTCAG,0,2,2,2,20
129,q19,GAACCTC,0,2,2,2,20
130,None,GCTTCAT,0,2,2,2,20
131,q23,GATCCTT,0,2,2,2,20
132,None,GCTCCAC,0,2,2,2,20
133,q19,GATAAAT,0,2,2,2,20
134,None,GATTCAG,0,2,2,2,20
135,None,GAACAAT,0,2,2,2,20
136,None,GATTCCC,0,2,2,2,20
137,q23,GCCCCTG,0,2,2,2,20
138,q19,GCGCCTC,0,1,1,1,20
139,q19,GCGCGGA,0,1,1,1,20
140,None,CAACCAT,0,1,1,1,20
141,None,CATCTTT,0,1,1,1,20
142,None,CCAAATT,0,1,1,1,20
143,None,CAGTCCA,0,1,1,1,20
144,q19,GCTCTAT,0,1,1,1,20
145,q19,GATCCGC,0,1,1,1,20
146,q19,GGGATAT,0,1,1,1,20
147,None,CATCGAC,0,1,1,1,20
148,q19,GGGCCAT,0,1,1,1,20
149,q19,GGGCTGG,0,1,1,1,20
150,q19,GGGTCAT,0,1,1,1,20
151,q19,GCGCCGA,0,1,1,1,20
152,q19,GATTTTT,0,2,1,1,20
153,None,CATGCAT,0,1,1,1,20
154,q19,GCCCCTT,0,1,1,1,20
155,q19,GCACCAT,0,1,1,1,20
156,q19,GATGTAC,0,1,1,1,20
157,None,CACGCGG,0,1,1,1,20
158,q26,GATCCAC,0,1,1,1,20
159,q19,GATTGAT,0,1,1,1,20
160,None,CATCCAC,0,1,1,1,20
161,None,CATCATT,0,1,1,1,20
162,q19,GATCCCC,0,1,1,1,20
163,q19,GATCTAC,0,1,1,1,20
164,None,CAGCCAT,0,1,1,1,20
165,None,CATCAAT,0,1,1,1,20
166,q24,TCTCGTG,0,1,1,1,20
167,q19,GATTCAC,0,1,1,1,20
168,q24,TATCCAT,0,1,1,1,20
169,q24,GAACCAT,0,1,1,1,20
170,q19,GGTCCAG,0,1,1,1,20
171,None,CAAAGGA,0,1,1,1,20
172,q24,GATCTAT,0,1,1,1,20
173,None,ATCTAAG,0,1,1,1,20
174,q23,GATCCTG,0,1,1,1,20
175,q23,GATTCTT,0,1,1,1,20
176,q23,GCCCCAG,0,1,1,1,20
177,q23,GCCCCCG,0,1,1,1,20
178,None,ATCCCTT,0,1,1,1,20
179,q23,GTTTCAG,0,1,1,1,20
180,None,ATCGACC,1,1,1,1,20
181,q24,GATCCAG,0,1,1,1,20
182,q24,GATCAAT,0,1,1,1,20
183,q23,TTGTTTG,1,1,1,1,20
184,q24,CATCCAT,0,1,1,1,20
185,q24,CGAAATT,0,1,1,1,20
186,q24,CGGGCGC,0,1,1,1,20
187,q24,CTAAACT,0,1,1,1,20
188,q24,CTAAATC,0,1,1,1,20
189,None,ATCCGTT,0,1,1,1,20
190,q24,CTTCAAT,0,1,1,1,20
191,q19,TGTTATG,0,1,1,1,20
192,q19,TGTCCGG,0,1,1,1,20
193,None,ATTCCTA,0,1,1,1,20
194,q24,CTTCCAT,0,1,1,1,20
195,q19,GGTGGGC,0,1,1,1,20
196,q19,GTCCCAT,0,1,1,1,20
197,q19,GTTCAAT,0,1,1,1,20
198,q24,GTTACAT,0,1,1,1,20
199,None,ATTTCCT,0,1,1,1,20
200,q19,GTTCTAT,0,1,1,1,20
201,q24,GGGACAT,0,1,1,1,20
202,q19,GTTTTAT,0,1,1,1,20
203,q19,TAGCCAT,0,1,1,1,20
204,None,CCACCGC,0,1,1,1,20
205,q19,TATCAAT,1,1,1,1,20
206,None,ATTCCTT,0,1,1,1,20
207,q19,TATTCAT,0,1,1,1,20
208,q19,TCGGCTC,0,1,1,1,20
209,q19,TCTCCAT,0,1,1,1,20
210,q24,GGAGTGG,1,1,1,1,20
211,q24,GCGTCTC,0,1,1,1,20
212,q24,GATTCAT,0,1,1,1,20
213,q19,TGTATCG,0,1,1,1,20
214,q19,CGATGCC,0,1,1,1,20
215,q19,GATATAT,0,1,1,1,20
216,None,GGTCCAG,0,1,1,1,20
217,None,GCCGGTA,0,1,1,1,20
218,None,GCGCCAC,0,1,1,1,20
219,None,GCGCCAT,0,1,1,1,20
220,None,GCGTCTA,0,1,1,1,20
221,None,GCTCCTT,0,1,1,1,20
222,None,GCTCTAT,0,1,1,1,20
223,None,GCTTCTG,0,1,1,1,20
224,None,GCTTTAT,0,1,1,1,20
225,None,GGGCTGT,0,1,1,1,20
226,None,GGTACAT,0,1,1,1,20
227,None,CTTAGCA,0,1,1,1,20
228,None,GCCCCCG,0,1,1,1,20
229,None,GGTCCCT,0,1,1,1,20
230,None,GGTCGAT,0,1,1,1,20
231,None,CTGAAGG,0,1,1,1,20
232,None,GTAACAT,0,1,1,1,20
233,None,GTACCAT,0,1,1,1,20
234,None,GTTACTG,0,1,1,1,20
235,None,GTTCAAT,0,1,1,1,20
236,None,GTTCCAG,0,1,1,1,20
237,None,CTCAATT,0,1,1,1,20
238,None,GTTCCTA,0,1,1,1,20
239,None,GCCCCTC,0,1,1,1,20
240,None,GCCCCAT,0,1,1,1,20
241,None,CGTTATG,0,1,1,1,20
242,None,GAACCTC,0,1,1,1,20
243,None,GATACCC,0,1,1,1,20
244,None,GATACTT,0,1,1,1,20
245,None,GATATAT,0,1,1,1,20
246,None,GATATGT,0,1,1,1,20
247,None,GATCAAC,0,1,1,1,20
248,None,GAGCTAT,0,1,1,1,20
249,None,GAGCCTG,0,1,1,1,20
250,None,GATCCGG,0,1,1,1,20
251,None,GAACTTT,0,1,1,1,20
252,None,GAACCTT,0,1,1,1,20
253,None,GATCTGG,0,1,1,1,20
254,None,GCAGAAC,0,1,1,1,20
255,None,GATGAAC,0,1,1,1,20
256,None,GATGAAT,0,1,1,1,20
257,None,GAACCCC,0,1,1,1,20
258,None,GAACCAC,0,1,1,1,20
259,None,GATTCCG,0,1,1,1,20
260,None,GAAAAAT,0,1,1,1,20
261,None,GATTTTT,0,4,1,1,20
262,None,GCAACTT,0,1,1,1,20
263,None,GCACCCG,0,1,1,1,20
264,None,GCACTCT,0,1,1,1,20
265,None,GTTTATG,1,1,1,1,20
266,None,TAGCCAT,0,1,1,1,20
267,None,CCGCCCT,0,1,1,1,20
268,q19,GAACCAC,0,1,1,1,20
269,q19,CAGCCGG,0,1,1,1,20
270,q19,CATACAT,0,1,1,1,20
271,q19,CATCTAT,0,1,1,1,20
272,q19,CCGCCCT,0,1,1,1,20
273,q19,CGTCCCT,0,1,1,1,20
274,q19,CTAAATT,0,1,1,1,20
275,q19,CTAACTT,0,1,1,1,20
276,q19,CTCAATT,0,1,1,1,20
277,q19,CTGACGG,0,1,1,1,20
278,q19,GAAAAAA,0,1,1,1,20
279,None,CCTCCTT,0,1,1,1,20
280,q19,CACCTAT,0,1,1,1,20
281,q19,GAACTAC,0,1,1,1,20
282,None,CCTCCAT,0,1,1,1,20
283,q19,GACCCAC,0,1,1,1,20
284,q19,GACCCCT,0,1,1,1,20
285,q19,GACCGGT,1,1,1,1,20
286,q19,GACCTAT,0,1,1,1,20
287,q19,GACTCAT,0,1,1,1,20
288,q19,GAGCCAC,0,1,1,1,20
289,None,CCGCCTT,0,1,1,1,20
290,q19,GATACAG,0,1,1,1,20
291,q19,CAGACGG,0,1,1,1,20
292,q19,CAAACTT,0,1,1,1,20
293,None,TATACAT,0,1,1,1,20
294,None,TGTATAG,0,1,1,1,20
295,None,TATCCAC,0,1,1,1,20
296,None,TATCCAG,0,1,1,1,20
297,None,TATCCTG,0,1,1,1,20
298,None,TATTCAT,0,1,1,1,20
299,None,TCATGGC,0,1,1,1,20
300,None,TCGTTAG,0,1,1,1,20
301,None,ACAGAGT,0,1,1,1,20
302,None,TGACGCC,0,1,1,1,20
303,None,TGATCCC,0,1,1,1,20
304,None,TGTACGT,0,1,1,1,20
305,None,CGGGCGC,0,1,1,1,20
306,None,CGAAATT,0,1,1,1,20
307,None,TGTCCAT,0,1,1,1,20
308,None,TGTCTAT,0,1,1,1,20
309,None,TGTTTCT,0,1,1,1,20
310,None,TTGAAAC,0,1,1,1,20
311,None,TTGCTTC,0,1,1,1,20
312,q19,AACCCAT,0,1,1,1,20
313,None,CGCAGTC,0,1,1,1,20
314,q19,AGTACCG,0,1,1,1,20
315,q19,ATCCGTT,0,1,1,1,20
316,q19,ATCCTAT,0,1,1,1,20
317,None,TCTCCTT,0,1,1,1,20
0,None,GTTTCTG,23527,27660,22989,22989,21
1,q23,GTTTCTG,13456,15581,13552,13552,21
2,None,None,504,576,452,452,21
3,q23,None,249,274,189,189,21
4,None,GTTTCTT,52,63,60,60,21
5,q23,GTTTCTT,31,41,41,41,21
6,None,TTTTCTG,26,40,31,31,21
7,None,GTTTCCG,21,27,26,26,21
8,None,GTTTCTA,20,22,22,22,21
9,None,GTTTATG,10,19,19,19,21
10,q23,GTTTCCG,11,16,16,16,21
11,q23,TTTTCTG,17,20,15,15,21
12,None,GGGATAT,4,14,14,14,21
13,None,GCTTCTG,3,13,13,13,21
14,None,GATCCAT,5,11,11,11,21
15,q23,GTTCCTG,7,10,10,10,21
16,None,GTTCCTG,4,9,9,9,21
17,q23,GTTTCTA,7,9,9,9,21
18,q23,GTTTATG,9,9,9,9,21
19,None,GTTTTTG,7,9,9,9,21
20,None,GGTTCTG,0,6,6,6,21
21,q19,GATCCAT,3,5,5,5,21
22,None,GTTTCAG,5,5,5,5,21
23,None,GATTCTG,0,4,4,4,21
24,None,GTCTCTG,2,4,4,4,21
25,None,CTCGTGG,0,4,4,4,21
26,q23,GTTGCTG,3,3,3,3,21
27,None,GTTTCGG,1,3,3,3,21
28,None,TGTATGG,2,3,3,3,21
29,q23,GCTTCTG,0,3,3,3,21
30,q19,GTTTCTG,2,3,3,3,21
31,None,GTTACTG,2,3,3,3,21
32,q24,GTTTCTG,1,3,3,3,21
33,q23,GTTTTTG,1,2,2,2,21
34,q23,GATTCTG,0,2,2,2,21
35,q23,GGTTCTG,0,2,2,2,21
36,q23,GTTTCAG,2,2,2,2,21
37,None,GCCCCTG,0,2,2,2,21
38,None,GCGTCTC,1,2,2,2,21
39,None,GTTTCTC,0,2,2,2,21
40,q23,GTTTCTC,1,2,2,2,21
41,q23,TTTTCCG,0,1,1,1,21
42,q23,GTTACTG,1,1,1,1,21
43,q23,ATTTCTG,1,1,1,1,21
44,q23,GTCTCTG,0,1,1,1,21
45,q24,GGGATAG,0,1,1,1,21
46,q24,GGGATAT,0,1,1,1,21
47,q23,CTTTCTG,0,1,1,1,21
48,q24,CGGGTGC,0,1,1,1,21
49,None,ATCCTTT,0,1,1,1,21
50,q19,CTGAAGG,1,1,1,1,21
51,None,TTTTCTT,1,1,1,1,21
52,None,CATCCAT,0,1,1,1,21
53,None,CCTCCTG,0,1,1,1,21
54,None,CTAAATT,1,1,1,1,21
55,None,CTGAAGG,0,1,1,1,21
56,None,CTTTCTG,0,1,1,1,21
57,None,GAACTTC,0,1,1,1,21
58,None,GATGCAT,0,1,1,1,21
59,None,GATTCTT,1,1,1,1,21
60,None,GCAGATT,1,1,1,1,21
61,None,GCAGGCT,0,1,1,1,21
62,None,GGTATTG,0,1,1,1,21
63,None,GGTTCTT,0,1,1,1,21
64,None,GTCGCGG,0,1,1,1,21
65,None,GTGTCTG,0,1,1,1,21
66,None,GTTGCTG,0,1,1,1,21
67,None,GTTTCAT,1,1,1,1,21
68,None,ATTGTGT,1,1,1,1,21
69,None,TCGCGAC,0,1,1,1,21
70,None,TGTTATG,0,1,1,1,21
71,None,TGTTCTG,0,1,1,1,21
72,None,TTATCCC,0,1,1,1,21
73,q25,GTTTCTG,1,1,1,1,21
0,None,GTTTCTG,566125,665539,205706,205706,22
1,q23,GTTTCTG,339984,390444,166365,166365,22
2,None,None,8239,9627,5987,5987,22
3,q23,None,4697,5359,3329,3329,22
4,None,GTTTCCG,525,676,647,647,22
5,None,GTTTCTA,492,592,562,562,22
6,None,GTTTCTT,299,493,406,406,22
7,q23,GTTTCTA,316,383,364,364,22
8,q23,GTTTCCG,307,378,360,360,22
9,None,GTTTATG,141,232,219,219,22
10,None,GTTTTTG,156,220,207,207,22
11,None,GTTCCTG,102,200,193,193,22
12,q23,GTTTCTT,171,255,190,190,22
13,None,GTTTCAG,145,183,177,177,22
14,None,GCTTCTG,43,170,158,158,22
15,None,TTTTCTG,176,424,133,133,22
16,q23,GTTTTTG,90,127,121,121,22
17,q23,GTTCCTG,62,120,115,115,22
18,q23,GTTTCAG,94,113,112,112,22
19,None,GATCCAT,45,113,109,109,22
20,q23,GTTTATG,62,98,95,95,22
21,None,GTTACTG,74,92,90,90,22
22,q23,GCTTCTG,37,91,87,87,22
23,None,GGTTCTG,3,89,79,79,22
24,q19,GTTTCTG,24,80,78,78,22
25,None,GTTTCGG,40,75,73,73,22
26,None,GTCTCTG,44,75,73,73,22
27,q23,TTTTCTG,112,246,65,65,22
28,None,GATTCTG,8,67,65,65,22
29,q24,GTTTCTG,22,67,63,63,22
30,None,ATTTCTG,35,46,45,45,22
31,q23,GTTTCGG,26,40,40,40,22
32,q23,GTTACTG,31,39,36,36,22
33,q19,GATCCAT,18,32,32,32,22
34,None,GTTGCTG,7,32,32,32,22
35,q23,GTCTCTG,20,33,32,32,22
36,q23,GATTCTG,8,32,31,31,22
37,None,GTTTCTC,13,31,30,30,22
38,None,GTATCTG,13,25,25,25,22
39,q23,ATTTCTG,17,26,25,25,22
40,q23,GTTTCTC,16,24,23,23,22
41,q23,GTTGCTG,12,22,21,21,22
42,None,TGTATGG,3,20,20,20,22
43,q23,GGTTCTG,2,23,20,20,22
44,None,GTTTGTG,13,20,20,20,22
45,None,GGGCTGG,1,16,16,16,22
46,None,GTGTCTG,3,16,13,13,22
47,None,TGTTATG,2,13,13,13,22
48,None,GAACTTC,0,12,12,12,22
49,None,CCGCTTT,0,10,10,10,22
50,q23,GATCCAT,0,10,10,10,22
51,q23,GTATCTG,7,10,10,10,22
52,None,CTTTCTG,2,13,8,8,22
53,None,GATTCTT,0,7,7,7,22
54,q23,GTGTCTG,1,7,7,7,22
55,None,CTAAATT,0,7,7,7,22
56,q23,GTTTGTG,3,6,6,6,22
57,None,GCTCCTG,0,6,6,6,22
58,None,CGGGTGC,3,6,6,6,22
59,q23,TGTATGG,0,5,5,5,22
60,None,CGGGGAC,2,5,5,5,22
61,q19,GGGCTGG,2,5,5,5,22
62,None,GGTTGAT,0,4,4,4,22
63,None,GATTCAG,0,4,4,4,22
64,None,GTTCTTG,0,4,4,4,22
65,None,GTCCCTG,0,4,4,4,22
66,q23,GTTCTTG,0,4,4,4,22
67,None,GCCCCTG,0,4,4,4,22
68,None,ATTGTGT,0,4,4,4,22
69,None,TGTTCTG,0,9,4,4,22
70,None,ATCCTTT,0,3,3,3,22
71,None,GCTTTTG,1,3,3,3,22
72,q23,GCTCCTG,0,3,3,3,22
73,q23,CTTTCTG,0,3,3,3,22
74,None,GGGATAT,2,3,3,3,22
75,None,GTTCCTT,0,3,3,3,22
76,None,GATCCTT,0,3,3,3,22
77,None,GCTTCAG,0,3,3,3,22
78,None,GCGTCTC,2,3,3,3,22
79,None,GTTTCCC,0,2,2,2,22
80,None,TGATGCC,0,2,2,2,22
81,None,GTTTTCG,1,2,2,2,22
82,q23,GCCCCTG,1,2,2,2,22
83,None,GTTCCTC,0,2,2,2,22
84,None,GGTTCAG,0,2,2,2,22
85,q23,GATTCTT,0,2,2,2,22
86,q25,GTTTCTG,2,2,2,2,22
87,None,CCTTCTG,0,4,2,2,22
88,q24,CTAAATT,0,2,2,2,22
89,None,GATCCTG,0,2,2,2,22
90,q23,TGTTCTG,0,3,2,2,22
91,None,GATTCAT,0,2,2,2,22
92,q23,TGTTATG,1,2,2,2,22
93,None,GGTACTG,0,2,2,2,22
94,None,GGTGGGC,0,2,2,2,22
95,None,GGTGCTG,0,2,2,2,22
96,None,TTGCTTC,0,2,2,2,22
97,None,GTTCCCG,0,2,2,2,22
98,None,GGTTTTG,0,2,2,2,22
99,q23,GTTGCGG,0,2,2,2,22
100,q19,TGTATGG,2,2,2,2,22
101,None,GTTATTG,0,2,2,2,22
102,q19,None,1,2,2,2,22
103,q23,GCTTTTG,0,1,1,1,22
104,q23,GCGTCTC,1,1,1,1,22
105,q23,GCTGCTG,0,1,1,1,22
106,q23,GGTGCTG,0,1,1,1,22
107,q23,GGTTGTT,0,1,1,1,22
108,q23,GGTTCGC,0,1,1,1,22
109,q23,GTACCTG,0,1,1,1,22
110,q23,GGTTCTC,0,1,1,1,22
111,q23,GGGTCTG,0,1,1,1,22
112,q23,GGTTCTT,0,1,1,1,22
113,q23,GGCCCCG,0,1,1,1,22
114,None,AGGCGCG,0,1,1,1,22
115,q23,GTCCCTG,0,1,1,1,22
116,q23,TCTTCTG,0,2,1,1,22
117,q27,GTTTCTG,1,1,1,1,22
118,q25,TGGGAGG,1,1,1,1,22
119,q25,GGCTGTA,0,1,1,1,22
120,q24,None,0,1,1,1,22
121,q24,GTTTCTT,0,1,1,1,22
122,q24,GTCTCTG,0,1,1,1,22
123,q24,GGTTCTT,0,1,1,1,22
124,q24,GGGATAT,1,1,1,1,22
125,q24,GCTTCTG,0,1,1,1,22
126,q24,CGTGTGC,0,1,1,1,22
127,q23,TGATGCC,0,1,1,1,22
128,q23,GTTTCCT,1,1,1,1,22
129,q23,GTCCTTG,0,1,1,1,22
130,q23,GTTTCCA,1,1,1,1,22
131,q23,GTTTATT,1,1,1,1,22
132,q23,GTTTATA,1,1,1,1,22
133,q23,GCCTCTG,0,1,1,1,22
134,q23,GTTGCTT,0,1,1,1,22
135,q23,GTTCTTT,0,1,1,1,22
136,q23,GTTCCTT,0,1,1,1,22
137,q23,GTTCCTA,1,1,1,1,22
138,q23,GTTCCCG,1,1,1,1,22
139,q23,GTTACAG,0,1,1,1,22
140,q23,GTGCGCT,0,1,1,1,22
141,q23,GTTGGTG,0,1,1,1,22
142,None,TCTGTCG,0,1,1,1,22
143,q23,GATTCAG,0,1,1,1,22
144,None,GATTCTC,0,1,1,1,22
145,None,GGTTGGC,0,1,1,1,22
146,None,GGTTGCT,0,1,1,1,22
147,None,GGTTCTT,0,1,1,1,22
148,None,GGTTCGG,0,1,1,1,22
149,None,GGTCTGG,0,1,1,1,22
150,None,GGTATGG,0,1,1,1,22
151,None,GGGCTCC,0,1,1,1,22
152,None,GGGCTAT,0,1,1,1,22
153,None,GGGCCGT,0,1,1,1,22
154,None,GGGCCCC,0,1,1,1,22
155,None,GGGACAT,0,1,1,1,22
156,None,GGCTGTA,0,1,1,1,22
157,None,GGATGTG,0,1,1,1,22
158,None,GCTTCCG,0,1,1,1,22
159,None,GATTATG,0,1,1,1,22
160,None,GTCCCTT,0,1,1,1,22
161,None,GATCCAG,0,1,1,1,22
162,None,GATCATG,0,1,1,1,22
163,None,GATACTG,0,1,1,1,22
164,None,CTTTTTT,0,1,1,1,22
165,None,CTTTCTT,0,1,1,1,22
166,None,CTATCTT,0,1,1,1,22
167,None,CTACATT,0,1,1,1,22
168,None,CTAACTT,0,1,1,1,22
169,None,CTAACTG,0,1,1,1,22
170,None,CGCAGTC,0,1,1,1,22
171,None,CCACGGT,0,1,1,1,22
172,None,ATTTTGT,0,1,1,1,22
173,None,ATTTCAG,0,1,1,1,22
174,None,ATTGCGG,0,1,1,1,22
175,None,GTATCTT,0,1,1,1,22
176,None,GTCTCCG,0,1,1,1,22
177,q23,GATCCTG,0,1,1,1,22
178,None,TGTTGTG,0,1,1,1,22
179,q23,GAACTTC,0,1,1,1,22
180,q23,CTTTTTG,0,1,1,1,22
181,q23,CCTTCTG,0,1,1,1,22
182,q23,CCGCTTT,0,1,1,1,22
183,q23,ATTGCTG,0,1,1,1,22
184,q23,ATTGCGG,0,1,1,1,22
185,q19,TTTTCTG,0,1,1,1,22
186,q19,TGTTATG,0,1,1,1,22
187,q19,TGTATTG,1,1,1,1,22
188,q19,GTTTCTT,0,1,1,1,22
189,q19,GTTTCTC,0,1,1,1,22
190,q19,GTTCCTG,0,1,1,1,22
191,q19,GATTCTG,0,1,1,1,22
192,None,TTTTCTA,0,2,1,1,22
193,None,TGTCTGG,1,1,1,1,22
194,None,GTGATAT,0,1,1,1,22
195,None,TGATTCC,0,1,1,1,22
196,None,AGTCGCG,0,1,1,1,22
197,None,TCCAGTC,0,1,1,1,22
198,None,GTTTCGC,0,1,1,1,22
199,None,GTTTCAA,1,1,1,1,22
200,None,GTTGTTG,1,1,1,1,22
201,None,GTTGCGG,0,1,1,1,22
202,None,GTTGCAG,0,1,1,1,22
203,None,GTTCGGC,0,1,1,1,22
204,None,GTTCCCT,0,1,1,1,22
205,None,GTTCCAT,0,1,1,1,22
206,None,GTTCCAG,0,1,1,1,22
207,None,GTGTCGG,0,1,1,1,22
208,None,GTGCCTG,0,1,1,1,22
209,q27,TTACAGC,0,1,1,1,22
0,None,GCGTCTC,24693,29322,24305,24305,23
1,q24,GCGTCTC,15289,17638,15262,15262,23
2,None,None,351,415,307,307,23
3,q24,None,225,259,183,183,23
4,None,GCTTCTC,21,50,48,48,23
5,q24,GCGTCTT,24,30,30,30,23
6,q24,GCTTCTC,10,32,29,29,23
7,None,GCGTCTT,20,28,28,28,23
8,None,GCATCTC,22,25,25,25,23
9,None,GCGTCCC,16,23,23,23,23
10,None,GAGTCTC,13,22,22,22,23
11,None,GGGATAT,18,20,20,20,23
12,None,GCGCCTC,7,22,20,20,23
13,q24,GCATCTC,14,18,18,18,23
14,None,GTGTCTC,14,18,18,18,23
15,None,GATCCAT,9,17,17,17,23
16,None,GCGTCTA,14,15,15,15,23
17,None,GCGTTTC,8,14,14,14,23
18,q24,GCGTCCC,10,14,14,14,23
19,q19,GATCCAT,9,12,12,12,23
20,q24,GGGATAT,10,12,12,12,23
21,q24,GCGTTTC,8,11,11,11,23
22,q24,GCGCCTC,4,10,10,10,23
23,q24,GTGTCTC,9,10,10,10,23
24,None,GCGTCAC,6,9,9,9,23
25,None,TGTATGG,4,8,8,8,23
26,None,GCGTATC,5,8,8,8,23
27,None,GTTTCTG,7,8,8,8,23
28,q24,GAGTCTC,7,8,8,8,23
29,q23,GTTTCTG,3,5,5,5,23
30,q24,GCGTATC,4,5,5,5,23
31,q24,GCGTCTA,3,5,5,5,23
32,None,ACGTCTC,2,5,5,5,23
33,None,TCGTCTC,4,14,5,5,23
34,q23,GCGTCTC,2,4,4,4,23
35,q24,GCGGCTC,0,4,4,4,23
36,None,GCCTCTC,1,4,4,4,23
37,None,GCGTCGC,1,3,3,3,23
38,q24,GCGTCAC,3,3,3,3,23
39,None,ATCCTTT,3,3,3,3,23
40,None,GCGACTC,1,3,3,3,23
41,q19,ATCCTTT,2,3,3,3,23
42,None,CCGTCTC,0,3,3,3,23
43,q24,GCCTCTC,0,2,2,2,23
44,None,GCGTCTG,1,2,2,2,23
45,q24,GCGTCGC,1,2,2,2,23
46,None,GCGCCCC,0,2,2,2,23
47,q19,GCGTCTC,0,2,2,2,23
48,None,TTGCTTC,0,2,2,2,23
49,q24,TCGTCTC,2,9,2,2,23
50,q24,GGTGGGC,0,1,1,1,23
51,None,CTAAATT,0,1,1,1,23
52,None,GAGCAAT,0,1,1,1,23
53,q24,GCTCCTT,0,1,1,1,23
54,None,GATTCAT,0,1,1,1,23
55,q24,GTTTCTG,1,1,1,1,23
56,None,ATTCTTT,0,1,1,1,23
57,None,GCGCCAT,0,1,1,1,23
58,q24,TCTTCTC,0,1,1,1,23
59,q24,GGGCTAT,0,1,1,1,23
60,None,GTGCTTC,0,1,1,1,23
61,None,GCGGCTC,0,1,1,1,23
62,None,GTTTCTC,0,1,1,1,23
63,q24,GCGACTC,1,1,1,1,23
64,None,GCGTGTC,0,1,1,1,23
65,q24,GAGCCAT,0,1,1,1,23
66,q24,ACGTCTC,1,1,1,1,23
67,q23,TTGCTTC,0,1,1,1,23
68,None,GCGTTTT,0,1,1,1,23
69,q19,TTGCTTC,0,1,1,1,23
70,q19,TGTATGG,1,1,1,1,23
71,None,GCTTCCC,0,1,1,1,23
72,None,GGGTCTC,1,1,1,1,23
73,None,GGGTTTT,0,1,1,1,23
74,None,GGTGTTA,1,1,1,1,23
75,q25,TTGCTTC,1,1,1,1,23
0,None,GTTTCTG,53889,63170,48051,48051,28
1,None,TGTATGG,39187,46054,36439,36439,28
2,q23,GTTTCTG,29812,34258,28217,28217,28
3,q19,TGTATGG,21946,25364,21353,21353,28
4,None,GGGATAT,20744,24732,20814,20814,28
5,q24,GGGATAT,11757,13879,12084,12084,28
6,q19,GTTTCTG,1372,1561,1458,1458,28
7,q23,TGTATGG,1225,1407,1315,1315,28
8,None,None,1663,1907,1278,1278,28
9,q24,GTTTCTG,917,1078,1018,1018,28
10,q24,TGTATGG,716,849,791,791,28
11,q23,GGGATAT,604,712,682,682,28
12,q19,GGGATAT,533,631,601,601,28
13,q23,None,418,472,311,311,28
14,q19,None,366,412,272,272,28
15,q24,None,199,234,167,167,28
16,None,GGAATAT,64,78,76,76,28
17,None,GGTATAT,15,68,65,65,28
18,None,GTTTCCG,46,58,57,57,28
19,None,GTTTCTA,45,48,48,48,28
20,None,TGTATGT,28,42,42,42,28
21,q24,GGAATAT,37,41,40,40,28
22,None,TGTACGG,26,39,39,39,28
23,None,TGTCTGG,0,39,39,39,28
24,None,GTTTCTT,29,48,37,37,28
25,q23,GTTTCTA,29,37,37,37,28
26,None,TGTATGA,23,30,30,30,28
27,None,TGCATGG,16,29,29,29,28
28,None,GTTTTTG,20,27,27,27,28
29,q24,GGTATAT,10,30,27,27,28
30,None,TGTATTG,23,28,27,27,28
31,q19,TGTATGT,17,27,27,27,28
32,None,TGTTTGG,18,23,23,23,28
33,q23,GTTTCCG,19,23,23,23,28
34,None,GTTTATG,11,22,22,22,28
35,q19,TGTCTGG,0,22,22,22,28
36,None,GGGCTAT,0,21,21,21,28
37,None,TTTATGG,23,36,21,21,28
38,None,GTTTCAG,16,18,18,18,28
39,q19,TGTACGG,10,17,17,17,28
40,None,GCTTCTG,1,17,17,17,28
41,None,GTTCCTG,12,17,17,17,28
42,q23,GCTTCTG,3,14,14,14,28
43,q19,TGTATTG,15,17,14,14,28
44,None,GGGACAT,4,14,14,14,28
45,q23,GTTTCTT,12,20,14,14,28
46,None,GGGTTAT,10,13,13,13,28
47,None,GATCCAT,5,12,12,12,28
48,q19,TGTATGA,10,12,12,12,28
49,None,TTTTCTG,18,44,12,12,28
50,q19,TGCATGG,8,12,12,12,28
51,None,TGTATAG,8,11,11,11,28
52,None,GTTACTG,6,11,11,11,28
53,None,TGGATAT,8,14,11,11,28
54,q19,TTTATGG,14,23,10,10,28
55,None,GTTTCGG,5,10,10,10,28
56,q24,GGGTTAT,7,10,10,10,28
57,None,GGGATTT,5,10,10,10,28
58,q23,GTTTCAG,7,9,9,9,28
59,q24,TGGATAT,9,12,9,9,28
60,q19,TGTTTGG,8,10,9,9,28
61,q19,TGTGTGG,8,9,9,9,28
62,None,GGTGGGC,5,9,9,9,28
63,q24,GGGCTAT,0,9,9,9,28
64,q19,TATATGG,4,8,8,8,28
65,None,GTCTCTG,6,8,8,8,28
66,q24,GTGATAT,8,9,8,8,28
67,None,TGTGTGG,5,8,8,8,28
68,q24,GGGATTT,6,7,7,7,28
69,q23,TTTTCTG,7,21,7,7,28
70,q23,GTTTATG,5,7,7,7,28
71,None,GGTTCTG,0,7,7,7,28
72,None,TGAATGG,3,7,7,7,28
73,q24,GGGACAT,4,7,7,7,28
74,None,GTATCTG,5,7,7,7,28
75,None,GGGAAAT,5,7,7,7,28
76,q23,GTTCCTG,4,6,6,6,28
77,None,TATATGG,6,6,6,6,28
78,None,GATTCTG,0,6,6,6,28
79,None,GTTTCTC,3,6,6,6,28
80,q19,TGTATAG,3,6,6,6,28
81,q23,GTTTTTG,4,6,6,6,28
82,q23,TGTACGG,4,6,6,6,28
83,None,TGGATGG,1,5,5,5,28
84,None,TGTAAGG,3,5,5,5,28
85,q23,GTCTCTG,5,5,5,5,28
86,None,GGGGTAT,2,5,5,5,28
87,q19,GAACTTC,3,4,4,4,28
88,q23,GGTTCTG,0,4,4,4,28
89,None,GGGATAC,4,4,4,4,28
90,None,TGTATCG,1,5,4,4,28
91,None,GAACTTC,2,4,4,4,28
92,q23,ATTTCTG,3,4,4,4,28
93,q23,GTTTCTC,3,4,4,4,28
94,q19,TGGATGG,0,4,4,4,28
95,q19,GGTGGGC,3,3,3,3,28
96,q23,GTTTCGG,2,3,3,3,28
97,q19,GTTTATG,2,3,3,3,28
98,q19,CGTATGG,1,3,3,3,28
99,q19,TGTAAGG,2,3,3,3,28
100,q19,TCTATGG,2,3,3,3,28
101,q23,GTTACTG,3,3,3,3,28
102,q24,GGCATAT,0,3,3,3,28
103,q24,GGGATAG,1,3,3,3,28
104,None,GGCATAT,0,3,3,3,28
105,None,CGTATGG,0,3,3,3,28
106,None,GGGATCT,0,3,3,3,28
107,None,TGTCTGT,0,2,2,2,28
108,q23,TGGATAT,1,2,2,2,28
109,None,GGGATGG,2,2,2,2,28
110,None,GGGCTTT,0,2,2,2,28
111,None,GGGAGAT,0,2,2,2,28
112,None,GGTTATG,0,2,2,2,28
113,q19,TGGATAT,1,2,2,2,28
114,None,CTAAATT,0,2,2,2,28
115,None,GTGATAT,2,2,2,2,28
116,None,ATCCTTT,1,2,2,2,28
117,None,GTTGCTG,1,2,2,2,28
118,q24,AGGATAT,0,2,2,2,28
119,None,GGGATAG,0,2,2,2,28
120,None,GTTTGTG,2,2,2,2,28
121,None,TCTATGG,0,2,2,2,28
122,q24,GGGAAAT,1,2,2,2,28
123,q23,GGTATAT,0,2,2,2,28
124,None,TGTAGGG,0,2,2,2,28
125,q23,GGAATAT,2,2,2,2,28
126,q23,GGGACAT,1,2,2,2,28
127,None,TGTATAT,0,3,2,2,28
128,q23,GGGTTAT,2,2,2,2,28
129,q24,TGTATGC,0,1,1,1,28
130,q24,GTTTCTT,0,1,1,1,28
131,q24,TTTTCTG,0,2,1,1,28
132,q23,GTTGCTG,0,1,1,1,28
133,q24,TTGATAT,0,1,1,1,28
134,q24,TTTATGG,0,1,1,1,28
135,q24,TTCATAT,0,1,1,1,28
136,q24,TGTATTG,1,1,1,1,28
137,q24,TGTATTT,0,1,1,1,28
138,q24,TTTATAT,0,1,1,1,28
139,q24,TGTGTGG,0,1,1,1,28
140,q24,TGTATGT,0,1,1,1,28
141,q24,GTTCCTG,1,1,1,1,28
142,q24,GTTTCTA,1,1,1,1,28
143,q24,GTTTCCG,0,1,1,1,28
144,q24,GAGATAT,1,1,1,1,28
145,q24,CGGATAT,1,1,1,1,28
146,q24,CCGCGGT,0,1,1,1,28
147,q23,TTTATGG,1,1,1,1,28
148,q23,TGTTTGG,1,1,1,1,28
149,q24,GGGATAC,1,1,1,1,28
150,q23,TGTGTGG,1,1,1,1,28
151,q23,TGTCTGG,0,1,1,1,28
152,q23,TGTATTG,0,1,1,1,28
153,q24,GGGATCT,0,1,1,1,28
154,q23,TGCCTGG,0,1,1,1,28
155,q23,TCTATGG,0,1,1,1,28
156,q24,GGGTCTG,0,1,1,1,28
157,q24,GGTTTAT,0,1,1,1,28
158,q24,GTCATAT,0,1,1,1,28
159,q23,GTTTGTG,0,1,1,1,28
160,q24,GTTATAT,1,2,1,1,28
161,q24,GGCTTTT,0,1,1,1,28
162,q24,GTTGCTG,1,1,1,1,28
163,None,AGGATAT,1,1,1,1,28
164,q19,GGTATAT,0,1,1,1,28
165,q23,GTCACGG,0,1,1,1,28
166,None,GGTACAT,0,1,1,1,28
167,None,TGCACGG,0,1,1,1,28
168,None,TGAATGC,0,1,1,1,28
169,None,TATATGT,0,1,1,1,28
170,None,GTTATGG,0,1,1,1,28
171,None,GTTATAT,0,1,1,1,28
172,None,GTGTCTG,0,1,1,1,28
173,None,GTGACTG,0,1,1,1,28
174,None,GTCTTTG,0,1,1,1,28
175,None,GTCTCCG,0,1,1,1,28
176,None,GTCGACC,1,1,1,1,28
177,None,GGTTTGG,0,1,1,1,28
178,None,GGTTCTT,0,1,1,1,28
179,None,GGTGTGC,0,1,1,1,28
180,None,GGTATGG,0,1,1,1,28
181,None,GGGATGT,0,1,1,1,28
182,None,TGTAGGT,0,1,1,1,28
183,None,GGGATAA,1,1,1,1,28
184,None,GGGAAAC,0,1,1,1,28
185,None,GCTTTTG,0,1,1,1,28
186,None,GCGATAT,1,1,1,1,28
187,None,GATCCTG,0,1,1,1,28
188,None,GAGATAT,1,1,1,1,28
189,None,GAATCTG,0,1,1,1,28
190,None,GAACTTG,0,1,1,1,28
191,None,CGGATAT,0,1,1,1,28
192,None,CGAATGG,0,1,1,1,28
193,None,CCGCTTT,1,1,1,1,28
194,None,CACACCG,1,1,1,1,28
195,None,ATTTCTG,1,1,1,1,28
196,None,AGTATGG,0,1,1,1,28
197,None,TGTACTG,0,1,1,1,28
198,None,TGTATGC,0,1,1,1,28
199,q23,GGTTGTG,0,1,1,1,28
200,q19,GTTATGG,0,1,1,1,28
201,q23,GGGATCT,0,1,1,1,28
202,q23,GGGATAG,0,1,1,1,28
203,q23,GATTCTG,0,1,1,1,28
204,q23,GATTCGG,0,1,1,1,28
205,q23,CGTATGG,0,1,1,1,28
206,q23,CGAATGG,0,1,1,1,28
207,q19,TTTTCTG,0,1,1,1,28
208,q19,TGTATTC,0,1,1,1,28
209,q19,TGTAGGG,0,1,1,1,28
210,q19,TGAATGG,0,1,1,1,28
211,q19,GTTTTTG,0,1,1,1,28
212,q19,GTTTCTA,1,1,1,1,28
213,q19,GTTTCGG,1,1,1,1,28
214,q19,GTTTCCG,0,1,1,1,28
215,q19,GTTACTG,0,1,1,1,28
216,None,TGTATTT,2,3,1,1,28
217,q19,GTCTCTG,0,1,1,1,28
218,None,AGTACGG,0,1,1,1,28
219,q19,GGGCTAT,0,1,1,1,28
220,q19,GGGATGG,1,1,1,1,28
221,q19,GGGACAT,1,1,1,1,28
222,q19,GGAATAT,1,1,1,1,28
223,q19,GCCCCTG,0,1,1,1,28
224,q19,GAACGTC,0,1,1,1,28
225,q19,CCGCTTT,1,1,1,1,28
226,q19,ATCCTTT,1,1,1,1,28
227,q19,AGTATGG,1,1,1,1,28
228,None,TTGATAT,1,4,1,1,28
229,None,TGTTTAG,1,1,1,1,28
230,None,TGTTCGG,0,1,1,1,28
231,q27,GTTTCTG,0,1,1,1,28
0,None,GGTGGGC,132572,169690,102225,102225,29
1,q19,GGTGGGC,78713,98201,68425,68425,29
2,None,None,2310,2644,1760,1760,29
3,None,GGTGTGC,49,1159,1074,1074,29
4,q19,None,1290,1446,964,964,29
5,None,GGTTGGC,71,982,925,925,29
6,q19,GGTGTGC,32,628,584,584,29
7,None,GGTGGAC,381,491,475,475,29
8,q19,GGTTGGC,49,480,456,456,29
9,q19,GGTGGAC,235,292,279,279,29
10,None,GGTGAGC,181,231,218,218,29
11,None,GGTAGGC,152,201,193,193,29
12,None,GGCGGGC,15,158,149,149,29
13,q19,GGTGAGC,110,132,127,127,29
14,None,GGTGCGC,11,120,118,118,29
15,None,GGTGGGA,61,100,100,100,29
16,None,GGTCGGC,4,89,88,88,29
17,q19,GGTAGGC,63,84,84,84,29
18,q19,GGCGGGC,10,76,74,74,29
19,None,GGTGGTC,49,103,73,73,29
20,q19,GGTGCGC,5,68,66,66,29
21,q23,GGTGGGC,13,69,65,65,29
22,q19,GGTGGGA,42,60,58,58,29
23,q24,GGTGGGC,12,54,54,54,29
24,None,GGGGGGC,1,57,51,51,29
25,None,GGTGGGT,22,47,45,45,29
26,q19,GGTGGTC,32,51,42,42,29
27,None,GTTGGGC,32,71,37,37,29
28,None,TGTGGGC,32,77,37,37,29
29,None,GGAGGGC,7,34,34,34,29
30,q19,GGTCGGC,3,35,34,34,29
31,q19,GGGGGGC,0,35,33,33,29
32,None,TGTATGG,15,28,28,28,29
33,q19,GGTGGGT,16,24,24,24,29
34,q19,GTTGGGC,20,35,21,21,29
35,None,GGTGGCC,8,19,19,19,29
36,q19,GGAGGGC,2,18,18,18,29
37,q19,TGTATGG,11,16,16,16,29
38,None,AGTGGGC,11,16,16,16,29
39,None,GGTGGGG,2,14,14,14,29
40,None,GATGGGC,7,13,12,12,29
41,q19,GGTGGCC,9,12,12,12,29
42,None,GGTTTGC,1,19,12,12,29
43,q19,TGTGGGC,10,34,8,8,29
44,q19,GATGGGC,5,8,8,8,29
45,q23,GTTTCTG,5,8,8,8,29
46,q19,AGTGGGC,4,8,8,8,29
47,None,GTTTCTG,1,7,7,7,29
48,None,ATTGTGT,1,6,6,6,29
49,None,GGTCGGT,0,5,5,5,29
50,None,GGTTGTC,1,5,5,5,29
51,None,GGTTCGC,0,5,5,5,29
52,q23,GGTTGGC,0,5,5,5,29
53,None,GCTGGGC,1,6,5,5,29
54,None,TGATGCC,2,4,4,4,29
55,None,GGTGCTC,0,4,4,4,29
56,q19,GGTGGGG,1,4,4,4,29
57,None,GGTTGAC,0,4,4,4,29
58,q19,GGTTCGC,0,4,4,4,29
59,q19,GGTTTGC,4,12,4,4,29
60,q26,GGTGGGC,2,3,3,3,29
61,q25,GGTGGGC,0,3,3,3,29
62,q23,None,1,3,3,3,29
63,None,GATCCAT,2,3,3,3,29
64,None,GGTGTGT,0,3,3,3,29
65,None,GGTGCGT,0,3,3,3,29
66,q19,GGGGGGG,0,3,3,3,29
67,None,GGACGGC,0,3,3,3,29
68,None,GGTGTTC,1,8,3,3,29
69,q19,ATCCTTT,3,3,3,3,29
70,None,GGCGTGC,0,3,3,3,29
71,None,GGGGGGT,2,3,3,3,29
72,None,GGCTGGC,0,3,3,3,29
73,None,GTTTGTC,0,2,2,2,29
74,q19,GATCCAT,1,2,2,2,29
75,q19,GCTGGGC,1,2,2,2,29
76,q19,GGTGTAC,0,2,2,2,29
77,q19,GGTGTTC,1,5,2,2,29
78,q19,GGTTAGC,1,2,2,2,29
79,q24,GGTGAGC,0,2,2,2,29
80,q24,GGTGTGC,0,2,2,2,29
81,q19,GGTCTGC,0,2,2,2,29
82,q27,GGTGGGC,1,2,2,2,29
83,None,GGTATGC,1,2,2,2,29
84,None,GGGGGAC,0,2,2,2,29
85,None,GGTGCAC,0,2,2,2,29
86,None,GCCCCTG,0,2,2,2,29
87,None,GGTAGGT,0,2,2,2,29
88,None,CTAAATT,0,2,2,2,29
89,None,GGTGTAC,0,2,2,2,29
90,None,CGTGGGC,0,2,2,2,29
91,None,GGGGGGG,0,2,2,2,29
92,None,CTTGGGC,0,3,2,2,29
93,None,GGTCTGC,0,2,2,2,29
94,None,GGCGGAC,0,2,2,2,29
95,None,GGTTAGC,0,2,2,2,29
96,None,ATCCGTT,1,2,2,2,29
97,None,GGGCGGG,0,2,2,2,29
98,None,GGGATAT,1,2,2,2,29
99,q19,GGTTGTC,0,1,1,1,29
100,None,GAGTGTG,0,1,1,1,29
101,None,GAAGGGC,0,1,1,1,29
102,q19,TGGTGCG,0,1,1,1,29
103,q19,GGTTTTC,1,5,1,1,29
104,q19,GTTTCTG,1,1,1,1,29
105,None,GGTTGGG,0,1,1,1,29
106,None,GCTGTGT,0,1,1,1,29
107,q19,GGTTGCC,0,1,1,1,29
108,q19,GGTTCTG,0,1,1,1,29
109,q19,TGTAGGC,1,1,1,1,29
110,None,GGAGGAC,0,1,1,1,29
111,None,GGAGGCC,0,1,1,1,29
112,None,GGAGGGG,0,1,1,1,29
113,None,GGAGGGT,0,1,1,1,29
114,None,GGCCGGC,0,1,1,1,29
115,None,GGCGAGC,0,1,1,1,29
116,None,GCTTGGC,0,1,1,1,29
117,q19,TGTTGTG,0,1,1,1,29
118,q19,TGTATGC,0,1,1,1,29
119,None,CTCGGGC,0,1,1,1,29
120,None,AGTGGAC,0,1,1,1,29
121,q26,ACAGAGC,0,1,1,1,29
122,q24,None,1,1,1,1,29
123,q24,GTAGGTC,0,1,1,1,29
124,q24,GGTTGGC,0,1,1,1,29
125,None,ATCCTTT,1,1,1,1,29
126,None,ATTGCGT,0,1,1,1,29
127,q24,GGTGGAC,0,1,1,1,29
128,None,CATTGGT,0,1,1,1,29
129,q24,GGGATAT,1,1,1,1,29
130,q23,GGTGTGC,0,1,1,1,29
131,None,GAACTTC,0,1,1,1,29
132,q23,GGTGGGT,0,1,1,1,29
133,q23,GGTGGGG,0,1,1,1,29
134,q23,GGTGCTC,0,1,1,1,29
135,q23,GGTGCGC,0,1,1,1,29
136,q23,GGCGGGC,0,1,1,1,29
137,q23,GCTGGGC,0,1,1,1,29
138,q23,AGTGGGC,0,1,1,1,29
139,q19,TTTGGGC,4,22,1,1,29
140,q19,TGTGTGC,0,1,1,1,29
141,None,CTTGGTC,0,1,1,1,29
142,None,GGCGCGC,0,1,1,1,29
143,None,GGGGCGC,0,1,1,1,29
144,None,GGCGGTC,0,1,1,1,29
145,None,AGCGGGT,0,1,1,1,29
146,None,TTTGGAC,0,1,1,1,29
147,None,TGTGTGC,0,1,1,1,29
148,None,TGTGTAC,0,1,1,1,29
149,None,TGTGGAC,0,1,1,1,29
150,None,TGTGAGC,0,1,1,1,29
151,None,GGTGCCC,0,1,1,1,29
152,None,TGTAGGG,0,1,1,1,29
153,None,TGCATGG,0,1,1,1,29
154,None,GGTGCGG,0,1,1,1,29
155,None,TCTGGGC,0,2,1,1,29
156,None,GTTTGGC,0,1,1,1,29
157,None,GGGAGGC,0,1,1,1,29
158,None,GGTGTGA,0,1,1,1,29
159,None,GTTTCGG,0,1,1,1,29
160,None,GTTGTGC,0,1,1,1,29
161,None,GTTGGTG,0,1,1,1,29
162,None,GTTGGTC,1,1,1,1,29
163,None,GTTGAGC,0,1,1,1,29
164,None,GTCGGGC,0,1,1,1,29
165,None,GGTTTTC,1,5,1,1,29
166,None,GGTTCTG,0,1,1,1,29
167,None,GGTTTCC,0,1,1,1,29
168,None,TTTGGGC,7,38,1,1,29
169,None,GGTCTTC,0,1,1,1,29
170,q19,CCGCTTT,0,1,1,1,29
171,q19,CGTCTTC,0,1,1,1,29
172,q19,GGTGCAC,0,1,1,1,29
173,None,GGTTGAT,0,1,1,1,29
174,q19,GGTGAGA,0,1,1,1,29
175,q19,GGTGAAC,1,1,1,1,29
176,q19,GGTCGGT,0,1,1,1,29
177,q19,GGTATGC,0,1,1,1,29
178,None,GGGGTGC,0,1,1,1,29
179,q19,GGGGTGC,0,1,1,1,29
180,None,GGGGTGT,0,1,1,1,29
181,None,GGGTGGC,0,1,1,1,29
182,q19,GGGCGGC,0,1,1,1,29
183,q19,GGCGGGT,0,1,1,1,29
184,q19,GGCGCGC,0,1,1,1,29
185,q19,GGCGAGC,0,1,1,1,29
186,q19,GGAGGTC,0,1,1,1,29
187,None,GGTAGTC,0,1,1,1,29
188,q19,GCTGTTC,0,1,1,1,29
189,q19,GCTGGCC,0,1,1,1,29
190,None,GGTCATC,0,1,1,1,29
191,None,GGTCCTC,0,1,1,1,29
192,q19,CGTGGGC,1,1,1,1,29
193,None,AGCCGGC,0,1,1,1,29
0,None,TTGCTTC,41777,50566,39572,39572,1
1,q25,TTGCTTC,23011,26163,21979,21979,1
2,None,None,1111,1295,985,985,1
3,q25,None,557,615,456,456,1
4,None,TTTCTTC,148,230,213,213,1
5,None,TTGCTTA,97,125,124,124,1
6,q25,TTTCTTC,67,99,89,89,1
7,None,GGTTGAT,61,82,80,80,1
8,q24,GGTTGAT,46,58,55,55,1
9,q25,TTGCTTA,46,55,55,55,1
10,None,TTGATTC,35,55,53,53,1
11,q19,TTGCTTC,19,52,48,48,1
12,None,TTGCATC,23,33,32,32,1
13,q23,TTGCTTC,13,29,28,28,1
14,None,TTGCTCC,13,27,27,27,1
15,q25,TTGCTTT,20,24,24,24,1
16,None,TTACTTC,16,24,24,24,1
17,None,TTGCCTC,5,22,22,22,1
18,q24,TTGCTTC,9,22,22,22,1
19,None,TTGCTTT,15,22,22,22,1
20,None,TTGTTTC,6,22,20,20,1
21,None,TTGCGTC,10,20,19,19,1
22,q25,TTGATTC,16,19,19,19,1
23,q25,TTGCATC,15,17,17,17,1
24,q25,TTGCTCC,11,13,13,13,1
25,q25,TTGCCTC,7,13,13,13,1
26,None,TTGCTAC,9,12,12,12,1
27,None,TTCCTTC,5,11,11,11,1
28,None,CTGCTTC,1,10,10,10,1
29,None,TTGCTGC,3,9,9,9,1
30,None,TCGCTTC,4,8,8,8,1
31,q25,TTACTTC,7,7,7,7,1
32,q25,TTGCGTC,5,6,6,6,1
33,q24,None,4,4,4,4,1
34,None,TTGCTTG,4,4,4,4,1
35,q25,TTGTTTC,2,3,3,3,1
36,None,TAGCTTC,1,3,3,3,1
37,None,ATGCTTC,1,3,3,3,1
38,None,TGGCTTC,0,3,3,3,1
39,None,TTTCCTC,0,3,3,3,1
40,q25,CTGCTTC,1,2,2,2,1
41,q25,ATGCTTC,1,2,2,2,1
42,q25,TTGCTTG,0,2,2,2,1
43,q25,GTGCTTC,0,2,2,2,1
44,q25,TCGCTTC,0,2,2,2,1
45,None,AGTTATT,1,2,2,2,1
46,q19,TTGATTC,0,2,2,2,1
47,None,CCGCTTT,0,2,2,2,1
48,None,GGTTTAT,0,1,1,1,1
49,q25,TGATGCC,0,1,1,1,1
50,q25,TGGCTTC,1,1,1,1,1
51,None,TGGCTTG,0,1,1,1,1
52,q25,TTCCTTC,1,1,1,1,1
53,None,TGGATGG,0,1,1,1,1
54,None,GTTTCTG,0,1,1,1,1
55,None,GTGCTAC,0,1,1,1,1
56,q19,TTGCCTC,0,1,1,1,1
57,None,TGTATGG,0,1,1,1,1
58,None,GGTCGAT,0,1,1,1,1
59,None,GAACTTC,0,1,1,1,1
60,None,CTAACTT,0,1,1,1,1
61,None,CGGTTGC,1,1,1,1,1
62,None,CAAAGGA,0,1,1,1,1
63,None,ATGCTTT,0,1,1,1,1
64,q25,TTGCTAC,1,1,1,1,1
65,None,TTGATGC,0,1,1,1,1
66,None,TTGCCCC,0,1,1,1,1
67,q24,GGCTGAT,0,1,1,1,1
68,q23,CTCCTTT,0,1,1,1,1
69,q23,GTTTCTG,1,1,1,1,1
70,q19,None,0,1,1,1,1
71,q23,TTTTCTT,0,1,1,1,1
72,q24,CTAAATT,0,1,1,1,1
73,q24,GAGTGTG,0,1,1,1,1
74,q19,GATCCAT,0,1,1,1,1
75,q25,GCGTCTC,0,1,1,1,1
76,None,TTTTTTC,0,1,1,1,1
77,q24,TTGCTTA,0,1,1,1,1
78,None,TTTCTTA,0,1,1,1,1
79,None,TTGGTTC,0,1,1,1,1
80,q25,ATTCCTT,0,1,1,1,1
81,None,TTGCCTT,1,1,1,1,1
82,q25,TTTCTTT,1,1,1,1,1
0,None,GAGTGTG,24021,29070,24072,24072,3
1,None,AGTTATT,16466,20017,17067,17067,3
2,q24,GAGTGTG,13854,16474,14220,14220,3
3,q23,AGTTATT,9396,11152,9876,9876,3
4,q23,GAGTGTG,560,650,614,614,3
5,q24,AGTTATT,532,645,607,607,3
6,None,None,645,732,422,422,3
7,q24,None,226,255,153,153,3
8,q23,None,142,163,100,100,3
9,None,GAGTTTG,13,79,70,70,3
10,None,GAGTATG,40,49,49,49,3
11,None,GAGCGTG,19,35,35,35,3
12,q24,GAGTTTG,7,37,34,34,3
13,None,GAGTGCG,12,33,33,33,3
14,None,AGTTCTT,0,25,25,25,3
15,q24,GAGTGCG,8,20,20,20,3
16,q24,GAGCGTG,15,19,19,19,3
17,q24,GAGTATG,16,18,18,18,3
18,None,AGCTATT,1,18,18,18,3
19,None,GAGTGTA,14,18,18,18,3
20,None,GATTGTG,7,27,18,18,3
21,q24,GATTGTG,3,26,17,17,3
22,None,GAGTGTT,11,19,16,16,3
23,q23,AGTTCTT,0,13,13,13,3
24,None,TAGTGTG,9,26,12,12,3
25,q24,GAGTGTT,4,15,11,11,3
26,None,AGTCATT,8,11,11,11,3
27,None,GAGTGAG,0,11,11,11,3
28,q24,GAGTGTA,9,9,9,9,3
29,q23,AGCTATT,1,9,9,9,3
30,None,AGTTTTT,5,8,8,8,3
31,None,GAGTGGG,0,7,7,7,3
32,None,AGTTATC,5,7,7,7,3
33,None,AAGTGTG,6,6,6,6,3
34,q24,TAGTGTG,5,15,6,6,3
35,None,CGTTATT,0,6,6,6,3
36,q24,GAGTGAG,2,6,6,6,3
37,None,ATTTATT,11,18,6,6,3
38,None,AGGTATT,0,6,6,6,3
39,None,GTGTGTG,1,6,6,6,3
40,None,GCGTGTG,0,5,5,5,3
41,None,GAGTCTG,1,5,5,5,3
42,None,GGGTGTG,3,4,4,4,3
43,None,TGTTATT,2,4,4,4,3
44,None,GAGAGTG,3,4,4,4,3
45,None,GAATGTG,2,4,4,4,3
46,q19,AGTTATT,1,4,4,4,3
47,q23,TGTTATT,3,4,4,4,3
48,q23,AGTCATT,1,3,3,3,3
49,None,AGATATT,0,3,3,3,3
50,q24,GCGTGTG,0,3,3,3,3
51,None,GAGGGTG,1,3,3,3,3
52,q24,GAGTCTG,1,3,3,3,3
53,q23,GAGTGTT,2,2,2,2,3
54,q23,AGTTGTT,1,2,2,2,3
55,None,GTTTCTG,0,2,2,2,3
56,q23,AGTTTTT,1,2,2,2,3
57,q23,GAGAGTG,1,2,2,2,3
58,q24,GTGTGTG,1,2,2,2,3
59,None,AGTAATT,2,2,2,2,3
60,None,AGTTAAT,1,2,2,2,3
61,None,AGTGATT,1,2,2,2,3
62,q23,AGTTATC,1,2,2,2,3
63,q23,GATTGTG,1,2,2,2,3
64,q23,AGTTATA,2,2,2,2,3
65,q24,GAGTGGG,0,2,2,2,3
66,q24,GAGGGTG,2,2,2,2,3
67,None,TATTGTG,1,2,2,2,3
68,q24,TATTGTG,0,2,1,1,3
69,q23,ATCTATT,0,1,1,1,3
70,q23,AGTTAGT,1,1,1,1,3
71,q23,AGTAATT,1,1,1,1,3
72,q23,AGGTATT,0,1,1,1,3
73,q23,GAGTATG,1,1,1,1,3
74,q23,ATTTATT,2,6,1,1,3
75,q23,CGTTATT,0,1,1,1,3
76,q23,AGATATT,1,1,1,1,3
77,q23,GGCTATT,0,1,1,1,3
78,q23,GGTTATT,1,1,1,1,3
79,q24,GGGTGTG,1,1,1,1,3
80,q24,GGCTGTA,0,1,1,1,3
81,q24,AGTCATT,1,1,1,1,3
82,q24,GAGTTTT,0,1,1,1,3
83,q24,AGTTCTT,0,1,1,1,3
84,q24,GAGAGTG,1,1,1,1,3
85,q24,CCGGGGA,1,1,1,1,3
86,None,AAGCTTT,0,1,1,1,3
87,None,GTTTGTG,0,1,1,1,3
88,q19,TGTCGGG,1,1,1,1,3
89,None,ATTGCGT,0,1,1,1,3
90,None,GAGCGAG,0,1,1,1,3
91,None,GACTGTG,0,1,1,1,3
92,None,GAATATG,0,1,1,1,3
93,None,CTGCCGG,1,1,1,1,3
94,None,CTGACAG,1,1,1,1,3
95,None,CGTTCTT,0,1,1,1,3
96,None,CGGGCAC,0,1,1,1,3
97,None,CGATATT,0,1,1,1,3
98,None,CCGCGTG,0,1,1,1,3
99,None,ATTGTGT,0,1,1,1,3
100,None,ATGTGTG,0,1,1,1,3
101,q19,TGTAGTT,1,1,1,1,3
102,None,ATGTATT,0,1,1,1,3
103,None,AGTTGTT,0,1,1,1,3
104,None,AGTTATG,0,1,1,1,3
105,None,AGTTATA,0,1,1,1,3
106,None,AGTTAGT,0,1,1,1,3
107,None,AGTTACT,1,1,1,1,3
108,None,AGTGAGT,0,1,1,1,3
109,None,AGCTCTT,0,1,1,1,3
110,None,AGCCATT,0,1,1,1,3
111,None,AGATATC,0,1,1,1,3
112,None,GATCCAT,0,1,1,1,3
113,None,GATTGAG,0,1,1,1,3
114,None,GATTGCG,0,1,1,1,3
115,None,GATTGGG,0,1,1,1,3
116,q19,TATGTAC,1,1,1,1,3
117,q19,TAGTGTG,0,1,1,1,3
118,q19,None,1,1,1,1,3
119,q19,GTAAGTG,1,1,1,1,3
120,q19,GAGTGTG,0,1,1,1,3
121,None,TTGCTTC,0,1,1,1,3
122,None,TTACAGC,0,1,1,1,3
123,None,TGTTAAT,0,1,1,1,3
124,None,TGTATGG,0,1,1,1,3
125,None,TGGAGTT,0,1,1,1,3
126,None,TCGAGTC,1,1,1,1,3
127,None,AAGTGTA,1,1,1,1,3
128,None,GTCGTAT,0,1,1,1,3
129,None,GTAAGTG,1,1,1,1,3
130,None,GGTTGGC,1,1,1,1,3
131,None,GGTTGAT,1,1,1,1,3
132,None,GGTTATT,1,1,1,1,3
133,None,GGGTGAT,0,1,1,1,3
134,None,GGGGGGT,1,1,1,1,3
135,None,GGGATTA,0,1,1,1,3
136,None,GCTAACT,1,1,1,1,3
137,q27,GAGTGTG,1,1,1,1,3
0,None,GGTTGAT,114319,145459,91354,91354,2
1,q24,GGTTGAT,68931,85443,61172,61172,2
2,None,None,2124,2536,1516,1516,2
3,q24,None,1200,1400,844,844,2
4,None,GGTTTAT,206,498,439,439,2
5,None,GGCTGAT,15,348,329,329,2
6,q24,GGTTTAT,98,277,250,250,2
7,None,GGTCGAT,153,201,193,193,2
8,q24,GGCTGAT,5,145,143,143,2
9,None,GGTTAAT,100,134,124,124,2
10,q24,GGTCGAT,81,106,105,105,2
11,None,GGGTGAT,0,127,102,102,2
12,None,TGTTGAT,90,144,99,99,2
13,None,GTTTGAT,69,104,77,77,2
14,None,GGATGAT,2,77,76,76,2
15,q24,TGTTGAT,58,97,69,69,2
16,q24,GGTTAAT,51,67,63,63,2
17,q24,GGGTGAT,1,75,54,54,2
18,None,GGTTGTT,13,49,49,49,2
19,None,GGTTCAT,6,48,48,48,2
20,q24,GTTTGAT,40,61,41,41,2
21,None,GGTTGCT,0,39,38,38,2
22,None,GGTAGAT,26,30,30,30,2
23,None,GGTTGAC,15,29,29,29,2
24,q24,GGATGAT,1,27,27,27,2
25,None,GGTGGAT,13,24,24,24,2
26,q24,GGTAGAT,19,24,23,23,2
27,None,GGTTGGT,7,19,19,19,2
28,q24,GGTTGTT,6,18,18,18,2
29,None,GATTGAT,8,17,17,17,2
30,q24,GGTGGAT,9,17,16,16,2
31,q19,GGTTGAT,5,14,14,14,2
32,None,GGTTGAG,0,13,13,13,2
33,q24,GGTTCAT,4,12,12,12,2
34,q24,GGTTGAC,5,12,12,12,2
35,q24,GATTGAT,6,9,9,9,2
36,q24,GGTTGCT,1,9,8,8,2
37,None,TTGCTTC,4,6,6,6,2
38,q23,GGTTGAT,1,6,6,6,2
39,None,AGTTGAT,2,5,5,5,2
40,None,GCCCCTG,1,5,5,5,2
41,q24,AGTTGAT,3,5,5,5,2
42,None,GCTTGAT,3,5,5,5,2
43,q24,GGTTGAG,0,5,5,5,2
44,None,GGTTGAA,2,5,4,4,2
45,None,GGCTGTT,0,4,4,4,2
46,q24,GGTTGGT,2,4,4,4,2
47,None,CGTTGAT,2,5,4,4,2
48,q24,GAGTGTG,4,4,4,4,2
49,None,AGTTATT,1,3,3,3,2
50,None,GAACTTC,1,3,3,3,2
51,None,GATCCAT,0,3,3,3,2
52,q24,GGGTTAT,0,3,3,3,2
53,q24,GGCCGAT,0,3,3,3,2
54,None,CTAAATT,0,3,3,3,2
55,q24,GGTTGAA,2,3,3,3,2
56,None,GGCCGAT,0,3,3,3,2
57,q24,GATCCAT,0,3,3,3,2
58,None,GGATGTT,0,3,3,3,2
59,None,TGTATGG,0,3,3,3,2
60,q24,GGTCCAT,0,2,2,2,2
61,None,CGGGGAC,1,2,2,2,2
62,None,GTTTTAT,1,2,2,2,2
63,None,GAGTGTG,0,2,2,2,2
64,q24,GGTTTTT,0,2,2,2,2
65,q24,TGTATGG,1,2,2,2,2
66,None,GGGATAT,0,2,2,2,2
67,q25,GGTTGAT,0,2,2,2,2
68,None,GGGCGAT,0,2,2,2,2
69,q24,GGATGAC,0,2,2,2,2
70,None,GGATGAC,0,2,2,2,2
71,q24,TGGATGG,0,2,2,2,2
72,None,GGGTGGT,0,2,2,2,2
73,None,GGGTTAT,0,2,2,2,2
74,q24,GCTTGAT,1,2,2,2,2
75,q24,GAACTTC,0,1,1,1,2
76,q24,CGGGTGC,0,1,1,1,2
77,q24,GGATTAT,0,1,1,1,2
78,q24,CTAAATT,0,1,1,1,2
79,None,ACAGAGT,1,1,1,1,2
80,q24,GGCTGCT,0,1,1,1,2
81,q24,TCGGTTC,0,1,1,1,2
82,q25,None,1,1,1,1,2
83,q25,CTCTGCA,0,1,1,1,2
84,q25,AGGCTGG,1,1,1,1,2
85,q24,TTTTGAT,7,21,1,1,2
86,q24,TTGTGAT,0,1,1,1,2
87,q24,TGATGCC,0,1,1,1,2
88,q24,TCTTGAT,0,1,1,1,2
89,q24,GGTTTGT,0,1,1,1,2
90,q24,GGGAGAC,1,1,1,1,2
91,q24,GGTTTGG,0,1,1,1,2
92,q24,GGTTCTG,0,1,1,1,2
93,q24,GGTGTAT,0,1,1,1,2
94,q24,GGTCGTT,0,1,1,1,2
95,q24,GGGTGAG,0,1,1,1,2
96,q24,GGGCTTT,0,1,1,1,2
97,q24,GGGCGAT,0,1,1,1,2
98,q24,CGGCTTT,0,1,1,1,2
99,None,GTGTGAT,0,2,1,1,2
100,q23,TAGGTGG,0,1,1,1,2
101,None,GGCTAAT,0,1,1,1,2
102,None,GGTATAT,0,1,1,1,2
103,None,GGGTTGG,0,1,1,1,2
104,None,GGGTGAG,0,1,1,1,2
105,None,GGGTGAC,0,1,1,1,2
106,None,GGGGGAT,0,1,1,1,2
107,None,GGGGGAG,0,1,1,1,2
108,None,GGGCTGG,0,1,1,1,2
109,None,GGGCGTT,0,1,1,1,2
110,None,GGCTTAT,0,1,1,1,2
111,None,GGCTGCT,0,1,1,1,2
112,None,GGCTGAG,0,1,1,1,2
113,None,GGCGGAT,0,1,1,1,2
114,None,GGTCCAT,0,1,1,1,2
115,None,GGCGATT,1,1,1,1,2
116,None,GGATGCC,0,1,1,1,2
117,None,GGATAAT,0,1,1,1,2
118,None,GCGGGGA,0,1,1,1,2
119,None,GCGCCGG,1,1,1,1,2
120,None,CTTGGCA,1,1,1,1,2
121,None,CTTCATA,1,1,1,1,2
122,None,CGCTGAT,0,1,1,1,2
123,None,CCTTGAT,0,1,1,1,2
124,None,ATTGTGT,0,1,1,1,2
125,None,AGCCACG,0,1,1,1,2
126,None,GGTCAAT,0,1,1,1,2
127,None,GGTCGAC,0,1,1,1,2
128,q19,None,0,1,1,1,2
129,None,AGATGAT,0,1,1,1,2
130,q19,GGACGAT,0,1,1,1,2
131,None,TTTTTTT,0,1,1,1,2
132,None,TTTTGAT,7,28,1,1,2
133,None,TGTTATG,0,1,1,1,2
134,None,TGGTGCG,1,1,1,1,2
135,None,TGGTGAT,0,1,1,1,2
136,None,TGCTGAT,0,1,1,1,2
137,None,TCTTGAT,0,1,1,1,2
138,None,TCGGTTC,0,1,1,1,2
139,None,TAGGTGG,0,1,1,1,2
140,None,GTTTGTG,0,1,1,1,2
141,None,GTGCGCT,1,1,1,1,2
142,None,GGTCGAG,0,1,1,1,2
143,None,GTCTGAT,0,1,1,1,2
144,None,GGTTTTT,0,5,1,1,2
145,None,GGTTGTG,0,1,1,1,2
146,None,GGTTGTA,0,1,1,1,2
147,None,GGTTGCC,0,1,1,1,2
148,None,GGTTCTG,0,1,1,1,2
149,None,GGTTATT,0,1,1,1,2
150,None,GGTTATG,0,1,1,1,2
151,None,GGTGGGT,0,1,1,1,2
152,None,GGTGGGG,0,1,1,1,2
153,None,GGTCTAT,0,1,1,1,2
154,q26,ACAGAGT,1,1,1,1,2
0,None,GAACTTC,246937,287805,142214,142214,5
1,q19,GAACTTC,149848,172124,103126,103126,5
2,None,None,3717,4269,2334,2334,5
3,q19,None,2075,2310,1303,1303,5
4,None,GAACCTC,59,169,168,168,5
5,None,GAACTCC,104,153,151,151,5
6,None,GAACTTT,99,146,146,146,5
7,None,GAAATTC,48,145,142,142,5
8,None,GAACTTA,113,139,137,137,5
9,None,GAACATC,96,124,119,119,5
10,q23,GAACTTC,23,83,81,81,5
11,q24,GAACTTC,24,77,77,77,5
12,q19,GAACATC,62,78,76,76,5
13,q19,GAAATTC,27,75,73,73,5
14,q19,GAACTCC,50,74,73,73,5
15,q19,GAACCTC,37,75,71,71,5
16,q19,GAACTTT,52,67,66,66,5
17,q19,GAACTTA,52,64,62,62,5
18,None,GAATTTC,13,65,60,60,5
19,None,TAACTTC,66,173,55,55,5
20,None,GCACTTC,0,48,48,48,5
21,None,GAACGTC,34,46,45,45,5
22,q19,GAACGTC,26,39,39,39,5
23,q19,TAACTTC,41,109,39,39,5
24,None,GAACTAC,22,40,38,38,5
25,None,GTTTCTG,5,34,33,33,5
26,q19,GAATTTC,14,33,31,31,5
27,None,GTACTTC,9,30,30,30,5
28,None,GGACTTC,15,25,25,25,5
29,q19,AAACTTC,18,25,25,25,5
30,None,GAGCTTC,12,24,24,24,5
31,None,GATCTTC,8,19,19,19,5
32,q19,GGACTTC,10,18,18,18,5
33,None,AAACTTC,8,19,17,17,5
34,q19,GATCTTC,10,16,16,16,5
35,None,GATCCAT,4,16,16,16,5
36,None,GAACTTG,4,15,15,15,5
37,q19,GTACTTC,7,14,14,14,5
38,q19,GAACTAC,10,16,14,14,5
39,None,GACCTTC,0,14,13,13,5
40,q19,GCACTTC,0,12,12,12,5
41,None,GAACTGC,0,12,10,10,5
42,q19,GAGCTTC,8,10,10,10,5
43,None,CAACTTC,1,9,9,9,5
44,q19,GATCCAT,1,8,8,8,5
45,q23,GTTTCTG,4,8,8,8,5
46,None,ATTGTGT,3,8,8,8,5
47,q23,ATTGTGT,5,7,7,7,5
48,None,GAAGTTC,1,7,7,7,5
49,q19,GACCTTC,1,6,6,6,5
50,q19,GAACTTG,2,6,6,6,5
51,q19,GAACCTT,0,7,6,6,5
52,q19,GAACTGC,2,5,5,5,5
53,None,GAATCTC,0,5,5,5,5
54,q25,GAACTTC,2,4,4,4,5
55,None,TGTTATG,0,4,4,4,5
56,None,TGTATGG,0,4,4,4,5
57,None,CCGCTTT,0,3,3,3,5
58,q19,GAATCTC,0,3,3,3,5
59,q23,None,0,3,3,3,5
60,q24,None,1,3,3,3,5
61,q19,GAAGTTC,0,3,3,3,5
62,None,GTATCTC,0,2,2,2,5
63,None,GTTCCTG,0,2,2,2,5
64,None,TTTTTTT,1,2,2,2,5
65,None,GGGCTGG,0,2,2,2,5
66,None,GGACTTG,0,2,2,2,5
67,None,GATCCTC,0,2,2,2,5
68,None,GAACCAC,1,2,2,2,5
69,q19,CAACTTC,1,6,2,2,5
70,None,GAACCCC,0,2,2,2,5
71,None,CTAAATT,0,2,2,2,5
72,q19,TGAATGG,0,2,2,2,5
73,q19,GTTTCTG,0,2,2,2,5
74,None,CAACTCC,0,2,2,2,5
75,None,ATCCTTT,0,2,2,2,5
76,q19,GGGCTGG,0,2,2,2,5
77,None,GATCTTT,0,2,2,2,5
78,None,GATTTTG,0,2,2,2,5
79,None,GCCCCTG,0,2,2,2,5
80,None,CTACTTC,0,2,2,2,5
81,q24,TGGAAGA,0,1,1,1,5
82,q24,GCACTTC,0,1,1,1,5
83,q19,GAACCCC,0,1,1,1,5
84,q19,GAACTGA,0,1,1,1,5
85,q26,GAACTTC,0,1,1,1,5
86,q24,CTAAATT,0,1,1,1,5
87,q23,GCACCCG,0,1,1,1,5
88,q19,GAAAGTC,0,1,1,1,5
89,q23,GATTTTC,0,1,1,1,5
90,q23,GAATTTC,0,1,1,1,5
91,q19,GAACTAT,0,1,1,1,5
92,q19,GATGGTC,0,1,1,1,5
93,q19,TTGCAAA,0,1,1,1,5
94,q19,TGTTATG,0,1,1,1,5
95,q19,TGTATGG,0,1,1,1,5
96,q19,GATCCTT,0,1,1,1,5
97,q19,TGATTTG,0,1,1,1,5
98,q19,TAATGCC,0,1,1,1,5
99,q19,GTCTGTG,0,1,1,1,5
100,q19,GTCTATC,0,1,1,1,5
101,q19,GAATCTA,0,1,1,1,5
102,q19,GGTGGAC,0,1,1,1,5
103,q19,GAATTCC,0,1,1,1,5
104,q19,GAATTTA,0,1,1,1,5
105,q19,GACACAT,0,1,1,1,5
106,q19,GATTTTC,0,1,1,1,5
107,q19,CCACTTC,0,1,1,1,5
108,None,GTTTCTT,0,1,1,1,5
109,q19,ATCCTTT,0,1,1,1,5
110,None,CTTCCCA,1,1,1,1,5
111,None,GATCTAC,0,1,1,1,5
112,None,GATCCTG,0,1,1,1,5
113,None,GATCCAC,0,1,1,1,5
114,None,GATCAAT,0,1,1,1,5
115,None,GAGTGTG,0,1,1,1,5
116,None,GAGTGCT,0,1,1,1,5
117,None,GAGCCTC,0,1,1,1,5
118,None,GAACTCA,0,1,1,1,5
119,None,GAACCTT,0,1,1,1,5
120,None,GAACCTG,0,1,1,1,5
121,None,GAACCTA,0,1,1,1,5
122,None,GAACATT,0,1,1,1,5
123,None,GAAATGC,0,1,1,1,5
124,None,CTGAAGG,0,1,1,1,5
125,q19,ATACTTC,0,1,1,1,5
126,None,CTCTTTT,0,1,1,1,5
127,None,CTAATTC,0,1,1,1,5
128,None,CTAACTT,0,1,1,1,5
129,None,CGTATGT,1,1,1,1,5
130,None,CGGGTGC,0,1,1,1,5
131,None,CGCTACG,0,1,1,1,5
132,None,CCGTTAC,0,1,1,1,5
133,None,CCACTTC,0,1,1,1,5
134,None,AGTTTAG,0,1,1,1,5
135,None,AGTTCCA,0,1,1,1,5
136,None,ACAGAGT,0,1,1,1,5
137,None,AAGCTAC,0,1,1,1,5
138,None,AACCTTC,0,1,1,1,5
139,None,GATGGCC,1,1,1,1,5
140,None,GCACCTC,0,1,1,1,5
141,None,GCAGTTC,0,1,1,1,5
142,None,GCCCTTC,0,1,1,1,5
143,q19,AGGCGCC,0,1,1,1,5
144,q19,AAATTCC,0,1,1,1,5
145,q19,AAACTCC,0,1,1,1,5
146,None,TTTGCTC,0,1,1,1,5
147,None,TTGTCCT,0,1,1,1,5
148,None,TGTTTGC,1,1,1,1,5
149,None,TGGCGAC,0,1,1,1,5
150,None,TGCGCGT,0,1,1,1,5
151,None,TGATGCC,0,1,1,1,5
152,None,TGACTTC,0,1,1,1,5
153,None,TCCGTCA,0,1,1,1,5
154,None,TAAGTTC,0,1,1,1,5
155,None,TAACTCC,0,1,1,1,5
156,None,TAACCTC,0,1,1,1,5
157,None,AAACTTT,0,1,1,1,5
158,None,GTTACTG,0,1,1,1,5
159,None,GTACTTT,0,1,1,1,5
160,None,GTACCTC,0,1,1,1,5
161,None,GTAAATT,0,1,1,1,5
162,None,GGTATGG,0,1,1,1,5
163,None,GGTACTG,0,1,1,1,5
164,None,GGGTGAG,0,1,1,1,5
165,None,GGGCTTC,0,1,1,1,5
166,None,GGGATAT,0,1,1,1,5
167,None,GGCTGAT,0,1,1,1,5
168,None,GGATGAT,0,1,1,1,5
169,None,GCGTCTC,0,1,1,1,5
170,q27,GAACTTC,0,1,1,1,5
0,None,GTTTCTG,51513,60757,46099,46099,4
1,q23,GTTTCTG,30154,34544,28058,28058,4
2,None,None,857,998,617,617,4
3,q23,None,472,528,337,337,4
4,None,GTTTCTT,70,91,77,77,4
5,None,GTTTCCG,45,54,54,54,4
6,None,GTTTCTA,38,51,51,51,4
7,q23,GTTTCTT,36,46,44,44,4
8,q23,GTTTCCG,24,29,27,27,4
9,None,GTTTATG,17,26,26,26,4
10,None,GTTTTTG,15,24,24,24,4
11,None,TTTTCTG,29,58,23,23,4
12,q23,GTTTCTA,19,21,21,21,4
13,q23,GTTTATG,13,16,16,16,4
14,None,GTTCCTG,7,16,16,16,4
15,None,GCTTCTG,2,16,16,16,4
16,q23,TTTTCTG,23,35,15,15,4
17,None,GGTTCTG,0,13,13,13,4
18,q24,GTTTCTG,5,11,11,11,4
19,None,GTTTCGG,7,10,10,10,4
20,q23,GTTTTTG,9,10,9,9,4
21,None,GTTTCAG,2,7,7,7,4
22,q19,GTTTCTG,2,7,7,7,4
23,q23,GCTTCTG,3,6,6,6,4
24,q23,GTTTCAG,5,5,5,5,4
25,q23,GTTACTG,1,4,4,4,4
26,None,GTTACTG,1,4,4,4,4
27,None,GTCTCTG,2,4,4,4,4
28,q23,GTTCCTG,2,4,4,4,4
29,None,GTTTCTC,2,3,3,3,4
30,None,GATTCTG,1,3,3,3,4
31,q23,ATTTCTG,3,3,3,3,4
32,q23,GGTTCTG,0,3,3,3,4
33,q23,GTCTCTG,3,3,3,3,4
34,None,ATTGTGT,2,3,3,3,4
35,q23,CTTTCTG,1,2,2,2,4
36,q23,GTGTCTG,1,2,2,2,4
37,None,GTTGCTG,0,2,2,2,4
38,None,GAACTTC,2,2,2,2,4
39,None,CTTTCTG,0,3,2,2,4
40,None,CTAAATT,2,2,2,2,4
41,None,ATTTCTG,1,2,2,2,4
42,q23,GTTTCCT,0,1,1,1,4
43,q23,GTTTCGG,0,1,1,1,4
44,q23,GTTTCTC,0,1,1,1,4
45,q23,GTTTGTG,1,1,1,1,4
46,q24,GAACTTC,0,1,1,1,4
47,q24,TTCGTGT,0,1,1,1,4
48,q23,GTTGCTG,0,1,1,1,4
49,None,ATTGTGG,0,1,1,1,4
50,None,TTGCTTC,0,1,1,1,4
51,q23,GATTCTG,1,1,1,1,4
52,None,GGTTTTT,0,1,1,1,4
53,None,GAATTTG,0,1,1,1,4
54,None,GAGTGTG,0,1,1,1,4
55,None,GATTCTC,0,1,1,1,4
56,None,GCATCTG,0,1,1,1,4
57,None,GCTTCTC,0,1,1,1,4
58,None,GGGGGGC,0,1,1,1,4
59,None,GGTGGGC,0,1,1,1,4
60,None,GTATCTG,0,1,1,1,4
61,q23,GATTCAT,0,1,1,1,4
62,None,GTCCCTG,0,1,1,1,4
63,None,GTTTGTG,0,1,1,1,4
64,None,GTTTTCG,0,1,1,1,4
65,None,TTTTGTG,0,1,1,1,4
66,q19,None,1,1,1,1,4
67,q19,TTGATAT,0,1,1,1,4
68,q23,ATTTCCG,1,1,1,1,4
69,q25,GTTTCTG,1,1,1,1,4
0,None,ATTGTGT,48414,59131,45316,45316,7
1,q23,ATTGTGT,28960,34337,28025,28025,7
2,None,None,655,757,447,447,7
3,q23,None,340,387,256,256,7
4,None,ATTTTGT,8,259,245,245,7
5,q23,ATTTTGT,10,152,138,138,7
6,None,ATTGCGT,26,141,137,137,7
7,q23,ATTGCGT,22,69,69,69,7
8,None,ATTGTGC,23,70,69,69,7
9,None,ATTATGT,34,50,48,48,7
10,q23,ATTGTGC,16,30,29,29,7
11,None,ATTGTAT,20,25,25,25,7
12,None,ATTGTTT,18,32,22,22,7
13,None,ATTGGGT,0,22,20,20,7
14,q23,ATTGTAT,16,18,18,18,7
15,q23,ATTATGT,11,16,16,16,7
16,q23,ATTGTTT,13,17,14,14,7
17,None,GAACTTC,9,13,13,13,7
18,None,ATTCTGT,0,12,12,12,7
19,None,ATTGTGG,1,14,12,12,7
20,None,CTTGTGT,1,10,10,10,7
21,None,ATCCGTT,2,10,10,10,7
22,None,ATTGAGT,3,9,9,9,7
23,q23,ATTGTGG,0,9,9,9,7
24,None,GTTTCTG,2,9,9,9,7
25,None,ACTGTGT,5,9,9,9,7
26,None,ATCGTGT,3,8,8,8,7
27,q24,ATTGTGT,2,8,8,8,7
28,None,GGTGGGC,0,7,7,7,7
29,q23,ATCGTGT,2,6,6,6,7
30,q23,ATTGGGT,0,5,5,5,7
31,None,GCAACTG,1,4,4,4,7
32,q19,TGATGCC,4,4,4,4,7
33,q23,ACTGTGT,4,4,4,4,7
34,q23,ATTCTGT,0,4,4,4,7
35,q19,GAACTTC,1,4,4,4,7
36,q23,ATTGAGT,0,4,4,4,7
37,q23,TTTGTGT,2,5,4,4,7
38,None,ATGGTGT,2,4,4,4,7
39,None,ATTTCGT,0,4,4,4,7
40,q23,ATTGCGG,0,3,3,3,7
41,None,ATTCCGT,0,3,3,3,7
42,None,ATAGTGT,0,3,3,3,7
43,q23,ATTTCGT,0,3,3,3,7
44,None,TTTGTGT,0,2,2,2,7
45,q23,GTTTCTG,2,2,2,2,7
46,q23,GTTGTGT,1,2,2,2,7
47,q19,GGTGGGC,1,2,2,2,7
48,None,ATTGTGA,0,2,2,2,7
49,q19,ATTGTGT,0,2,2,2,7
50,None,GATCCAT,0,2,2,2,7
51,None,TGTATGG,0,2,2,2,7
52,q23,GATCCAT,0,2,2,2,7
53,None,GTTGTGT,0,2,2,2,7
54,q23,ATTCCGT,0,2,2,2,7
55,q27,ATCCGTT,0,2,2,2,7
56,q23,CTTGTGT,0,2,2,2,7
57,None,TGATGCC,1,2,2,2,7
58,q23,ATTTTGC,0,1,1,1,7
59,q23,ATTGCTT,0,1,1,1,7
60,q23,ATTGGGC,0,1,1,1,7
61,q23,ATTGTGA,0,1,1,1,7
62,q24,CTAAATT,0,1,1,1,7
63,q23,GAACTTC,0,1,1,1,7
64,q23,GTTGGGC,0,1,1,1,7
65,None,AAAGTGT,0,1,1,1,7
66,q23,ATTGCGA,0,1,1,1,7
67,q23,ATAGTGT,1,1,1,1,7
68,None,ACTGCGT,0,1,1,1,7
69,None,ACTGTGG,0,1,1,1,7
70,None,ATTCTTG,0,1,1,1,7
71,None,ATTGCGG,0,1,1,1,7
72,None,ATTGCTG,0,1,1,1,7
73,None,ATTGCTT,0,1,1,1,7
74,None,ATTGGGC,0,1,1,1,7
75,None,ATTTCGG,0,1,1,1,7
76,None,ATTTCTT,0,1,1,1,7
77,None,ATTTTTT,1,3,1,1,7
78,None,CGAGAGC,0,1,1,1,7
79,None,CTTGAGT,0,1,1,1,7
80,None,GCCCCTG,0,1,1,1,7
81,None,GGACGGC,0,1,1,1,7
82,None,GGGGGGT,0,1,1,1,7
83,None,GTGCTTC,0,1,1,1,7
84,None,GTTGCGT,0,1,1,1,7
85,None,GTTGTGC,0,1,1,1,7
86,None,AATGTGT,0,1,1,1,7
87,None,TGTTATG,0,1,1,1,7
88,None,TTTTTTC,0,1,1,1,7
89,q23,AGTGTGG,0,1,1,1,7
90,q23,ATAGAGT,0,1,1,1,7
91,q27,None,1,1,1,1,7
0,None,GTTTCTG,41515,48934,38277,38277,6
1,q23,GTTTCTG,24691,28651,23803,23803,6
2,None,None,1004,1119,528,528,6
3,q23,None,429,487,240,240,6
4,None,GTTTCTA,46,54,54,54,6
5,None,GTTTCCG,35,48,46,46,6
6,q23,GTTTCTA,25,28,28,28,6
7,None,GTTTCTT,18,36,25,25,6
8,q23,GTTTCCG,17,22,22,22,6
9,None,GTTCCTG,11,21,20,20,6
10,None,GCTTCTG,2,17,17,17,6
11,None,GTTTATG,6,18,17,17,6
12,q23,GTTTCTT,16,20,14,14,6
13,None,GTTTTTG,5,13,13,13,6
14,None,GAACTTC,4,9,9,9,6
15,None,GTTTCAG,7,9,9,9,6
16,None,TTTTCTG,23,58,8,8,6
17,q23,GGTTCTG,0,7,7,7,6
18,q23,GCTTCTG,3,7,7,7,6
19,q24,GTTTCTG,2,7,7,7,6
20,q23,TTTTCTG,15,30,7,7,6
21,q23,GTTCCTG,4,6,6,6,6
22,q23,GTTTATG,5,6,6,6,6
23,None,TGTATGG,1,5,5,5,6
24,None,GATTCTG,2,5,5,5,6
25,q23,GTTTTTG,4,5,5,5,6
26,None,GGTTCTG,0,5,5,5,6
27,q23,GTTTCAG,2,4,4,4,6
28,q23,GTTACTG,1,3,3,3,6
29,q19,GAACTTC,2,3,3,3,6
30,None,GTTTCTC,0,3,3,3,6
31,None,ATTGTGT,2,3,3,3,6
32,None,GTTACTG,0,3,3,3,6
33,None,GTCTCTG,3,3,3,3,6
34,q23,GTTTCTC,1,2,2,2,6
35,q23,GTTTCGG,1,2,2,2,6
36,None,CTTTCTG,1,3,2,2,6
37,None,CTAAATT,0,2,2,2,6
38,None,GATCCAT,0,2,2,2,6
39,None,GTTTCGG,1,2,2,2,6
40,None,GTTGCTG,1,2,2,2,6
41,q23,GTTTGTG,1,2,2,2,6
42,q26,None,1,1,1,1,6
43,q26,ACTGCGT,0,1,1,1,6
44,q26,TTCGAGA,1,1,1,1,6
45,q27,None,1,1,1,1,6
46,q25,GTTTCTG,0,1,1,1,6
47,q24,GTTTCTT,0,1,1,1,6
48,q23,GTTGCTG,0,1,1,1,6
49,q23,GCTTTTC,0,1,1,1,6
50,q23,GTGTCTG,0,1,1,1,6
51,None,AATTTCT,0,1,1,1,6
52,None,TTAATAA,0,1,1,1,6
53,q23,GCTGGCG,0,1,1,1,6
54,None,GTTCCCG,0,1,1,1,6
55,None,ATTTCTG,0,1,1,1,6
56,None,CGATTTT,0,1,1,1,6
57,None,CGTTTAG,1,1,1,1,6
58,None,GATTCAG,0,1,1,1,6
59,None,GATTCTT,0,1,1,1,6
60,None,GCAGTTT,0,1,1,1,6
61,None,GCTCGAG,0,1,1,1,6
62,None,GGTTCTT,0,1,1,1,6
63,None,GGTTGAT,0,1,1,1,6
64,None,GTGTCTC,0,1,1,1,6
65,None,GTTTCAT,0,1,1,1,6
66,q23,GATTCTG,0,1,1,1,6
67,None,GTTTGTG,0,1,1,1,6
68,None,TCGAGGC,0,1,1,1,6
69,None,ACTTCTA,0,1,1,1,6
70,None,TTCGAGA,1,1,1,1,6
71,None,TTTAGGG,0,1,1,1,6
72,q19,TGTATGG,1,1,1,1,6
73,q19,TGTTCTG,0,1,1,1,6
74,q23,ATTGTGT,1,1,1,1,6
75,q23,CTTTCTG,0,1,1,1,6
76,q23,GAACTTC,0,1,1,1,6
77,q27,TTTGACC,1,1,1,1,6
