,qtag,barcode,readsPF,mcountsPF,idx
0,q26,GGATGGC,8210,8008,NH025
1,q26,CGGTACA,6141,6049,NH025
2,q26,TGGCAGG,5848,5744,NH025
3,q26,TAGATTC,5831,5735,NH025
4,q26,CGGGTGC,5799,5706,NH025
5,q26,CTTGGTA,5249,5152,NH025
6,q26,AGCTGCC,4956,4888,NH025
7,q26,CTGAATC,4564,4496,NH025
8,q26,GGCTGGG,4092,4043,NH025
9,q26,TGAGATG,3726,3692,NH025
10,q26,GCTGTCA,3685,3640,NH025
11,q26,GGTGTTA,3585,3548,NH025
12,q26,CATCTTC,3004,2977,NH025
13,q26,GGGTCGG,2854,2829,NH025
14,q26,TTTTAAT,2772,2747,NH025
15,q26,TGCGTCG,2566,2548,NH025
16,q26,ATGACGG,2405,2389,NH025
17,q26,TGCAAGA,2351,2331,NH025
18,q26,CGCCGGG,2232,2221,NH025
19,q26,TCGACGT,2188,2176,NH025
20,q26,CGGGGTG,1767,1753,NH025
21,q26,TGAATGC,1421,1417,NH025
22,q26,CCTTTTA,1405,1400,NH025
23,q26,AAACGTG,1014,1010,NH025
24,q26,CGTGTGT,683,683,NH025
25,q26,GGATGAC,30,30,NH025
26,q26,CGGGTAC,21,21,NH025
27,q26,AGCTACC,19,19,NH025
28,q26,CTAAATC,12,12,NH025
29,q26,TGGCAGT,12,12,NH025
30,q26,CGATACA,11,11,NH025
31,q26,AGCTGTC,10,10,NH025
32,q26,TGTGTCG,9,9,NH025
33,q26,CGGATGC,8,8,NH025
34,q26,AAACATG,7,7,NH025
35,q26,CTTGATA,7,7,NH025
36,q26,TGCATCG,7,7,NH025
37,q26,CGGGATG,6,6,NH025
38,q26,CTTGGCA,6,6,NH025
39,q26,GCTATCA,6,6,NH025
40,q26,TAGATCC,6,6,NH025
41,q26,TGACAGG,6,6,NH025
42,q26,AGCCGCC,5,5,NH025
43,q26,AGTTGCC,5,5,NH025
44,q26,CGCCAGG,5,5,NH025
45,q26,CTTAGTA,5,5,NH025
46,q26,GGTGTCA,5,5,NH025
47,q26,TGAGATA,5,5,NH025
48,q26,CGGGCGC,4,4,NH025
49,q26,CGGTGCA,4,4,NH025
50,q26,CGTATGT,4,4,NH025
51,q26,GGCCGGG,4,4,NH025
52,q26,GGCTAGG,4,4,NH025
53,q26,GGCTGAG,4,4,NH025
54,q26,GGGTCGA,4,4,NH025
55,q26,GGGTTGG,4,4,NH025
56,q26,GGTGCTA,4,4,NH025
57,q26,TGGCATG,4,4,NH025
58,q26,ATGACAG,3,3,NH025
59,q26,CGAGTGC,3,3,NH025
60,q26,CGGAGTG,3,3,NH025
61,q26,CGGCACA,3,3,NH025
62,q26,GATGTCA,3,3,NH025
63,q26,GCTGTTA,3,3,NH025
64,q26,GGATAGC,3,3,NH025
65,q26,GGATGCC,3,3,NH025
66,q26,GGCTGGT,3,3,NH025
67,q26,GGTATTA,3,3,NH025
68,q26,TCAACGT,3,3,NH025
69,q26,TGAACGC,3,3,NH025
70,q26,TGCGTCA,3,3,NH025
71,q26,TGCGTCT,3,3,NH025
72,q24,GGCTGGG,2,2,NH025
73,q26,AAACGTT,2,2,NH025
74,q26,ATGACGA,2,2,NH025
75,q26,CGGGGTT,2,2,NH025
76,q26,CGGGTGT,2,2,NH025
77,q26,CGTGCGT,2,2,NH025
78,q26,CGTGTGC,2,2,NH025
79,q26,CTGGATC,2,2,NH025
80,q26,GCTGCCA,2,2,NH025
81,q26,GGAAGGC,2,2,NH025
82,q26,GGATGGA,2,2,NH025
83,q26,GGATGGT,2,2,NH025
84,q26,GGGTCAG,2,2,NH025
85,q26,GGTGTTG,2,2,NH025
86,q26,TAAATTC,2,2,NH025
87,q26,TGAAATG,2,2,NH025
88,q26,TGGCAAG,2,2,NH025
89,q26,TGGCGGG,2,2,NH025
90,q26,TGGCTGG,2,2,NH025
91,q26,TGGGATG,2,2,NH025
92,q26,TGGGTGC,2,2,NH025
93,q26,TGGTACA,2,2,NH025
94,q26,TTGAATC,2,2,NH025
95,q19,GAGGGAG,1,1,NH025
96,q19,GCTTGGC,1,1,NH025
97,q24,AAACGTG,1,1,NH025
98,q24,CGGGTGC,1,1,NH025
99,q24,GAATCTA,1,1,NH025
100,q24,TAGATTC,1,1,NH025
101,q24,TCGACGT,1,1,NH025
102,q24,TGAGATG,1,1,NH025
103,q24,TGCGTCG,1,1,NH025
104,q24,TGGCAGG,1,1,NH025
105,q25,AGACCGG,1,1,NH025
106,q25,CCGAATC,1,1,NH025
107,q25,CGGTACA,1,1,NH025
108,q25,GAGTTGT,1,1,NH025
109,q25,GATGGCA,1,1,NH025
110,q25,GCTGTCA,1,1,NH025
111,q25,TCGTTTC,1,1,NH025
112,q25,TGTGGGG,1,1,NH025
113,q25,TTTTAAT,1,1,NH025
114,q26,AAACGCG,1,1,NH025
115,q26,AACCGTG,1,1,NH025
116,q26,ACGGTCC,1,1,NH025
117,q26,AGATGGC,1,1,NH025
118,q26,AGCTGCA,1,1,NH025
119,q26,AGCTGGC,1,1,NH025
120,q26,AGGACGG,1,1,NH025
121,q26,AGGGGTG,1,1,NH025
122,q26,ATGACGT,1,1,NH025
123,q26,ATGAGGG,1,1,NH025
124,q26,ATGCTCT,1,1,NH025
125,q26,ATGGCGG,1,1,NH025
126,q26,CACAACT,1,1,NH025
127,q26,CATCTCC,1,1,NH025
128,q26,CATCTTA,1,1,NH025
129,q26,CATTTTC,1,1,NH025
130,q26,CCGAATC,1,1,NH025
131,q26,CCTGCCT,1,1,NH025
132,q26,CCTGGTA,1,1,NH025
133,q26,CGACGGG,1,1,NH025
134,q26,CGAGGTG,1,1,NH025
135,q26,CGCCGAG,1,1,NH025
136,q26,CGCCTGG,1,1,NH025
137,q26,CGCTGCC,1,1,NH025
138,q26,CGGAACA,1,1,NH025
139,q26,CGGGACA,1,1,NH025
140,q26,CGGGCTG,1,1,NH025
141,q26,CGGGTGA,1,1,NH025
142,q26,CGGGTTG,1,1,NH025
143,q26,CGGTAAA,1,1,NH025
144,q26,CGGTACG,1,1,NH025
145,q26,CGGTATA,1,1,NH025
146,q26,CGGTCAT,1,1,NH025
147,q26,CGGTCCA,1,1,NH025
148,q26,CGGTTCA,1,1,NH025
149,q26,CGTGGGT,1,1,NH025
150,q26,CGTGTAT,1,1,NH025
151,q26,CTAATTT,1,1,NH025
152,q26,CTGAATA,1,1,NH025
153,q26,CTGCGGC,1,1,NH025
154,q26,CTGGTGC,1,1,NH025
155,q26,CTTGGTG,1,1,NH025
156,q26,CTTGGTT,1,1,NH025
157,q26,CTTTAAT,1,1,NH025
158,q26,CTTTCGT,1,1,NH025
159,q26,CTTTGTA,1,1,NH025
160,q26,GACTGGG,1,1,NH025
161,q26,GATCTTC,1,1,NH025
162,q26,GCCTCTG,1,1,NH025
163,q26,GCGGGGT,1,1,NH025
164,q26,GCTCTCA,1,1,NH025
165,q26,GCTGTCG,1,1,NH025
166,q26,GCTGTCT,1,1,NH025
167,q26,GGAAGCG,1,1,NH025
168,q26,GGACGGC,1,1,NH025
169,q26,GGATTGC,1,1,NH025
170,q26,GGCAGGG,1,1,NH025
171,q26,GGCGTTA,1,1,NH025
172,q26,GGCTGCC,1,1,NH025
173,q26,GGCTGCG,1,1,NH025
174,q26,GGCTTGG,1,1,NH025
175,q26,GGGTCGT,1,1,NH025
176,q26,GGGTCTG,1,1,NH025
177,q26,GGTCTTA,1,1,NH025
178,q26,GGTGGTA,1,1,NH025
179,q26,GGTGTCG,1,1,NH025
180,q26,GGTGTTT,1,1,NH025
181,q26,GGTTCGG,1,1,NH025
182,q26,GTTGTTA,1,1,NH025
183,q26,TAAGATG,1,1,NH025
184,q26,TAGACGT,1,1,NH025
185,q26,TAGAGTC,1,1,NH025
186,q26,TAGATTA,1,1,NH025
187,q26,TAGATTT,1,1,NH025
188,q26,TAGCAGG,1,1,NH025
189,q26,TAGTTTC,1,1,NH025
190,q26,TCAGCCG,1,1,NH025
191,q26,TCGAAGG,1,1,NH025
192,q26,TCGACGC,1,1,NH025
193,q26,TCGACTT,1,1,NH025
194,q26,TCTGTCA,1,1,NH025
195,q26,TGAAAGA,1,1,NH025
196,q26,TGAAAGC,1,1,NH025
197,q26,TGAATGT,1,1,NH025
198,q26,TGAGACG,1,1,NH025
199,q26,TGAGATT,1,1,NH025
200,q26,TGAGGTG,1,1,NH025
201,q26,TGAGTTG,1,1,NH025
202,q26,TGATGTT,1,1,NH025
203,q26,TGCAAAA,1,1,NH025
204,q26,TGCCGGG,1,1,NH025
205,q26,TGCCTTG,1,1,NH025
206,q26,TGCGAGA,1,1,NH025
207,q26,TGCGCCG,1,1,NH025
208,q26,TGCTAGA,1,1,NH025
209,q26,TGGCAGA,1,1,NH025
210,q26,TGGCAGC,1,1,NH025
211,q26,TGGGGTG,1,1,NH025
212,q26,TGGTAGG,1,1,NH025
213,q26,TGTAAGA,1,1,NH025
214,q26,TGTACTA,1,1,NH025
215,q26,TGTATGC,1,1,NH025
216,q26,TTAGATG,1,1,NH025
217,q26,TTGACGG,1,1,NH025
218,q26,TTGACGT,1,1,NH025
219,q26,TTTGGTA,1,1,NH025
220,q26,TTTTAAA,1,1,NH025
221,q27,CATGTGG,1,1,NH025
222,q27,CCTTTTA,1,1,NH025
223,q27,CTGATCG,1,1,NH025
224,q27,GGATGGC,1,1,NH025
225,q27,TAGCTTG,1,1,NH025
226,q27,TGCAAGA,1,1,NH025
227,q27,TTTTTGT,1,1,NH025
0,q26,TAGGGCG,2537,2512,NH120
1,q26,GCTGTCA,1844,1835,NH120
2,q26,GCTCGCT,1807,1800,NH120
3,q26,GGTGTTA,1547,1538,NH120
4,q26,TGTGCGG,1521,1518,NH120
5,q26,CATCTTC,1520,1512,NH120
6,q26,CGGTGTT,1436,1429,NH120
7,q26,GTAGGTC,1405,1394,NH120
8,q26,CGTTACG,1376,1370,NH120
9,q26,CTTGGTA,1380,1368,NH120
10,q26,CGGGTGC,1371,1364,NH120
11,q26,CACATTC,1366,1362,NH120
12,q26,CGTTGTA,1359,1352,NH120
13,q26,TGAGATG,1326,1319,NH120
14,q26,ATGACGG,1305,1303,NH120
15,q26,CAGCGCG,1291,1284,NH120
16,q26,CTGAATC,1272,1269,NH120
17,q26,GGAAGCG,1260,1255,NH120
18,q26,TTGGTTC,1256,1252,NH120
19,q26,TCAGCAT,1210,1205,NH120
20,q26,AGCTGCC,1209,1203,NH120
21,q26,TATCATT,1208,1202,NH120
22,q26,CGGTCAT,1190,1181,NH120
23,q26,TAGTAAT,1146,1144,NH120
24,q26,CGCCGGG,1147,1143,NH120
25,q26,TTATGTG,1144,1138,NH120
26,q26,CTACATC,1137,1134,NH120
27,q26,TGCTAGA,1119,1111,NH120
28,q26,CTATTGG,1115,1109,NH120
29,q26,TGTTGTG,1110,1109,NH120
30,q26,TTCTTTT,1094,1094,NH120
31,q26,CTTGTTT,1093,1092,NH120
32,q26,CACTCCG,1082,1080,NH120
33,q26,CAGCTAC,1084,1079,NH120
34,q26,TGGAAGT,1081,1079,NH120
35,q26,TAGATAC,1032,1026,NH120
36,q26,TTGGGTG,1026,1023,NH120
37,q26,GGGTCGG,1024,1019,NH120
38,q26,TAACTAC,1010,1007,NH120
39,q26,GAACGCT,1000,995,NH120
40,q26,TGCTTCG,988,987,NH120
41,q26,TCGTATT,983,981,NH120
42,q26,AGGCTAA,972,971,NH120
43,q26,TCCGCTC,971,968,NH120
44,q26,TCATTCC,943,937,NH120
45,q26,TCGACGT,933,932,NH120
46,q26,TTTTAAT,931,927,NH120
47,q26,CTGGCGC,923,922,NH120
48,q26,GCCGTGA,921,920,NH120
49,q26,GCTAACT,918,918,NH120
50,q26,GGCTGGG,899,898,NH120
51,q26,TGATGTT,897,893,NH120
52,q26,TCGATTA,890,887,NH120
53,q26,CGGCGAC,877,875,NH120
54,q26,CTGCGGC,868,866,NH120
55,q26,GCGCATA,853,851,NH120
56,q26,CGGGGTG,846,846,NH120
57,q26,CTTTCGT,849,845,NH120
58,q26,CGTTTTT,816,814,NH120
59,q26,GTCTGGC,814,811,NH120
60,q26,GGATGGC,808,806,NH120
61,q26,TTAGCTG,806,804,NH120
62,q26,TGCAAGA,799,797,NH120
63,q26,CGCGGCC,793,792,NH120
64,q26,TTCGCAT,788,785,NH120
65,q26,CCTTTTA,782,779,NH120
66,q26,TGGGCGC,774,772,NH120
67,q26,AGCAGGT,745,745,NH120
68,q26,TCAGCCG,745,745,NH120
69,q26,GCCTCTG,746,744,NH120
70,q26,GCGGCGT,740,738,NH120
71,q26,TAGATTC,731,729,NH120
72,q26,GTTCGTG,731,726,NH120
73,q26,ATAATTC,718,711,NH120
74,q26,CGGTACA,705,703,NH120
75,q26,GGGAGTC,683,681,NH120
76,q26,TTATTGA,678,677,NH120
77,q26,CTTCTTG,674,673,NH120
78,q26,ACAGGCT,656,654,NH120
79,q26,CTCTTCG,635,635,NH120
80,q26,GCGGGGT,634,632,NH120
81,q26,TGGCAGG,633,632,NH120
82,q26,TGCGTCG,628,627,NH120
83,q26,CTTTGTC,605,604,NH120
84,q26,ATGCTCT,584,583,NH120
85,q26,TGGCTTA,581,580,NH120
86,q26,CGTTGGT,577,577,NH120
87,q26,GCGTGCC,550,548,NH120
88,q26,GGGCGTA,534,533,NH120
89,q26,AGTCCGC,528,526,NH120
90,q26,TGGCCGA,517,517,NH120
91,q26,TATCGAC,514,514,NH120
92,q26,AAACGTG,506,505,NH120
93,q26,CATGGGT,506,505,NH120
94,q26,GATCCAT,500,499,NH120
95,q26,CGGTATG,496,494,NH120
96,q26,GGTTTGG,492,492,NH120
97,q26,ACGGTCC,470,469,NH120
98,q26,GGCTCGG,467,467,NH120
99,q26,ATGAGGG,458,457,NH120
100,q26,CTCTTCT,446,446,NH120
101,q26,TGAATGC,434,434,NH120
102,q26,TGCTCGT,418,417,NH120
103,q26,CGTGGGG,416,414,NH120
104,q26,TGCCTTG,411,410,NH120
105,q26,GCGGGCG,410,408,NH120
106,q26,AGCAGGA,403,403,NH120
107,q26,CACAACT,398,397,NH120
108,q26,ATCATTG,387,387,NH120
109,q26,CTAATTT,380,380,NH120
110,q26,CTGTATC,348,347,NH120
111,q26,GCGGTCG,340,339,NH120
112,q26,TAGGGGG,284,283,NH120
113,q26,GCGCGTT,275,274,NH120
114,q26,GTAGAGA,262,262,NH120
115,q26,CTGTTGT,239,238,NH120
116,q26,AGTGCCG,216,216,NH120
117,q26,TGCGTAA,200,200,NH120
118,q26,GTGCGCC,181,181,NH120
119,q26,CGTGTGT,150,150,NH120
120,q26,CGAGCCC,113,113,NH120
121,q26,ACAGGCG,104,103,NH120
122,q26,TTCGCCC,78,78,NH120
123,q26,TAGGACG,8,8,NH120
124,q26,TCAACAT,7,7,NH120
125,q26,TAGGGCA,5,5,NH120
126,q26,CAGCACG,4,4,NH120
127,q26,CGGGATG,4,4,NH120
128,q26,CTTCTCG,4,4,NH120
129,q26,GCCATGA,4,4,NH120
130,q26,GCGGCAT,4,4,NH120
131,q26,GCTATCA,4,4,NH120
132,q26,GTCTGAC,4,4,NH120
133,q26,TTCACAT,4,4,NH120
134,q26,ATGACGT,3,3,NH120
135,q26,CGCGACC,3,3,NH120
136,q26,CGCGGTC,3,3,NH120
137,q26,CGGCCAT,3,3,NH120
138,q26,CTAAATC,3,3,NH120
139,q26,CTGCAGC,3,3,NH120
140,q26,GCACATA,3,3,NH120
141,q26,GGCTGGT,3,3,NH120
142,q26,TGAAATG,3,3,NH120
143,q26,TGAGATA,3,3,NH120
144,q26,TTATCGA,3,3,NH120
145,q26,ACAGACT,2,2,NH120
146,q26,ACGGCCC,2,2,NH120
147,q26,AGCTGTC,2,2,NH120
148,q26,AGGCAAA,2,2,NH120
149,q26,ATGATGG,2,2,NH120
150,q26,ATGGCGG,2,2,NH120
151,q26,CACTCTG,2,2,NH120
152,q26,CAGCGCA,2,2,NH120
153,q26,CAGCGCT,2,2,NH120
154,q26,CGGCACA,2,2,NH120
155,q26,CGGGTAC,2,2,NH120
156,q26,CGTATGT,2,2,NH120
157,q26,CGTCGTA,2,2,NH120
158,q26,CGTTGGA,2,2,NH120
159,q26,CTATCGG,2,2,NH120
160,q26,CTGGTGC,2,2,NH120
161,q26,CTTGATA,2,2,NH120
162,q26,CTTGTTC,2,2,NH120
163,q26,GCGACGT,2,2,NH120
164,q26,GCGGTCA,2,2,NH120
165,q26,GCTCACT,2,2,NH120
166,q26,GCTGCCA,2,2,NH120
167,q26,GCTGTTA,2,2,NH120
168,q26,GGAAGCA,2,2,NH120
169,q26,GGAAGTC,2,2,NH120
170,q26,GGATCGG,2,2,NH120
171,q26,GGGTTGG,2,2,NH120
172,q26,GGTATTA,2,2,NH120
173,q26,TAAGATG,2,2,NH120
174,q26,TAATAAT,2,2,NH120
175,q26,TAGATCC,2,2,NH120
176,q26,TCAACGT,2,2,NH120
177,q26,TCAATTA,2,2,NH120
178,q26,TCATTTC,2,2,NH120
179,q26,TCCACTC,2,2,NH120
180,q26,TCGACAT,2,2,NH120
181,q26,TCGATCA,2,2,NH120
182,q26,TGACTTA,2,2,NH120
183,q26,TGCTTTG,2,2,NH120
184,q26,TGTCGTG,2,2,NH120
185,q26,TGTCTTG,2,2,NH120
186,q26,TGTGCGA,2,2,NH120
187,q26,TGTTATG,2,2,NH120
188,q26,TTAGCAT,2,2,NH120
189,q26,TTAGCCG,2,2,NH120
190,q26,TTGGATG,2,2,NH120
191,q26,TTGGCGA,2,2,NH120
192,q26,TTGTATT,2,2,NH120
193,q24,AAACGTG,1,1,NH120
194,q24,ACGGGTC,1,1,NH120
195,q24,ATGAGGG,1,1,NH120
196,q24,CAGCGCG,1,1,NH120
197,q24,CTATTGG,1,1,NH120
198,q24,GCGCATA,1,1,NH120
199,q24,GCTGTCA,1,1,NH120
200,q24,GGGGGAA,1,1,NH120
201,q24,GGGTCGG,1,1,NH120
202,q24,GGTGGGG,1,1,NH120
203,q24,TATCATT,1,1,NH120
204,q24,TCTCCCC,1,1,NH120
205,q24,TGAGATG,1,1,NH120
206,q24,TGTGCGG,1,1,NH120
207,q25,GGGAGGG,1,1,NH120
208,q25,TAGGGCG,1,1,NH120
209,q26,AAACATG,1,1,NH120
210,q26,AAACGTT,1,1,NH120
211,q26,AAACTTG,1,1,NH120
212,q26,AAGATTC,1,1,NH120
213,q26,ACAGCCG,1,1,NH120
214,q26,ACAGTCC,1,1,NH120
215,q26,ACGCTCT,1,1,NH120
216,q26,ACGTGCC,1,1,NH120
217,q26,AGAAGCG,1,1,NH120
218,q26,AGCAAGA,1,1,NH120
219,q26,AGCAGAT,1,1,NH120
220,q26,AGCCGCC,1,1,NH120
221,q26,AGCCTAA,1,1,NH120
222,q26,AGCTACC,1,1,NH120
223,q26,AGCTCCC,1,1,NH120
224,q26,AGCTGCA,1,1,NH120
225,q26,AGCTTCC,1,1,NH120
226,q26,AGGCCAA,1,1,NH120
227,q26,AGGTCGG,1,1,NH120
228,q26,AGGTGGT,1,1,NH120
229,q26,AGTCCAC,1,1,NH120
230,q26,ATAACTC,1,1,NH120
231,q26,ATAGGCT,1,1,NH120
232,q26,ATGAATC,1,1,NH120
233,q26,ATGACAG,1,1,NH120
234,q26,ATGACTG,1,1,NH120
235,q26,ATGAGGA,1,1,NH120
236,q26,ATGATCT,1,1,NH120
237,q26,ATGCTCA,1,1,NH120
238,q26,ATGGGGG,1,1,NH120
239,q26,ATTATTC,1,1,NH120
240,q26,ATTATTG,1,1,NH120
241,q26,ATTGGTA,1,1,NH120
242,q26,CAAAACT,1,1,NH120
243,q26,CACCCCG,1,1,NH120
244,q26,CACCGCA,1,1,NH120
245,q26,CACGGCC,1,1,NH120
246,q26,CACTACG,1,1,NH120
247,q26,CACTCCA,1,1,NH120
248,q26,CACTTCG,1,1,NH120
249,q26,CAGATTC,1,1,NH120
250,q26,CAGCCAC,1,1,NH120
251,q26,CAGGTGC,1,1,NH120
252,q26,CAGTGCG,1,1,NH120
253,q26,CATCATC,1,1,NH120
254,q26,CATCCTC,1,1,NH120
255,q26,CATCGCG,1,1,NH120
256,q26,CCCGGCC,1,1,NH120
257,q26,CCGAATC,1,1,NH120
258,q26,CCTTATA,1,1,NH120
259,q26,CGATCAT,1,1,NH120
260,q26,CGATGTT,1,1,NH120
261,q26,CGCAGGG,1,1,NH120
262,q26,CGCCGGA,1,1,NH120
263,q26,CGCTGGG,1,1,NH120
264,q26,CGGAAGT,1,1,NH120
265,q26,CGGAGAC,1,1,NH120
266,q26,CGGAGTG,1,1,NH120
267,q26,CGGAGTT,1,1,NH120
268,q26,CGGCAAC,1,1,NH120
269,q26,CGGCGGC,1,1,NH120
270,q26,CGGCGTT,1,1,NH120
271,q26,CGGGCGC,1,1,NH120
272,q26,CGGTAAA,1,1,NH120
273,q26,CGGTAAT,1,1,NH120
274,q26,CGGTGTC,1,1,NH120
275,q26,CGGTTAT,1,1,NH120
276,q26,CGTCGGT,1,1,NH120
277,q26,CGTGGGT,1,1,NH120
278,q26,CGTGGTG,1,1,NH120
279,q26,CGTTACA,1,1,NH120
280,q26,CGTTGCA,1,1,NH120
281,q26,CTAACTT,1,1,NH120
282,q26,CTATTGA,1,1,NH120
283,q26,CTCTCCT,1,1,NH120
284,q26,CTCTTCA,1,1,NH120
285,q26,CTGACGC,1,1,NH120
286,q26,CTGCGAC,1,1,NH120
287,q26,CTGTGGC,1,1,NH120
288,q26,CTGTTAT,1,1,NH120
289,q26,CTTCCGT,1,1,NH120
290,q26,CTTGCTA,1,1,NH120
291,q26,CTTGCTT,1,1,NH120
292,q26,CTTGGCA,1,1,NH120
293,q26,CTTTATC,1,1,NH120
294,q26,CTTTCAT,1,1,NH120
295,q26,CTTTCTT,1,1,NH120
296,q26,CTTTGTA,1,1,NH120
297,q26,GAACACT,1,1,NH120
298,q26,GATCCGT,1,1,NH120
299,q26,GATCCTT,1,1,NH120
300,q26,GCACGCT,1,1,NH120
301,q26,GCCCATA,1,1,NH120
302,q26,GCCGCGA,1,1,NH120
303,q26,GCCGTAA,1,1,NH120
304,q26,GCCGTGG,1,1,NH120
305,q26,GCCTCAT,1,1,NH120
306,q26,GCCTCTA,1,1,NH120
307,q26,GCGGACG,1,1,NH120
308,q26,GCGGAGT,1,1,NH120
309,q26,GCGGGGC,1,1,NH120
310,q26,GCGGTCC,1,1,NH120
311,q26,GCGGTGT,1,1,NH120
312,q26,GCGTACC,1,1,NH120
313,q26,GCTCGCC,1,1,NH120
314,q26,GCTCGCG,1,1,NH120
315,q26,GCTCTCA,1,1,NH120
316,q26,GCTCTCT,1,1,NH120
317,q26,GCTGACA,1,1,NH120
318,q26,GCTTGCC,1,1,NH120
319,q26,GGAAGCT,1,1,NH120
320,q26,GGACGTA,1,1,NH120
321,q26,GGCAGTC,1,1,NH120
322,q26,GGCCGGG,1,1,NH120
323,q26,GGCTAGG,1,1,NH120
324,q26,GGCTCGT,1,1,NH120
325,q26,GGGAGCC,1,1,NH120
326,q26,GGGCATA,1,1,NH120
327,q26,GGGTCTG,1,1,NH120
328,q26,GGTATGG,1,1,NH120
329,q26,GGTGTCA,1,1,NH120
330,q26,GGTTCGG,1,1,NH120
331,q26,GGTTTGA,1,1,NH120
332,q26,GGTTTGT,1,1,NH120
333,q26,GTAAAGA,1,1,NH120
334,q26,GTAAGTC,1,1,NH120
335,q26,GTAGGAC,1,1,NH120
336,q26,GTAGGTT,1,1,NH120
337,q26,GTAGTGA,1,1,NH120
338,q26,GTCCCCG,1,1,NH120
339,q26,GTCCGGC,1,1,NH120
340,q26,GTCCGTG,1,1,NH120
341,q26,GTCGTGA,1,1,NH120
342,q26,GTCTAGC,1,1,NH120
343,q26,GTCTCTG,1,1,NH120
344,q26,GTGAGGG,1,1,NH120
345,q26,GTGCACC,1,1,NH120
346,q26,GTGCATA,1,1,NH120
347,q26,GTGGAGA,1,1,NH120
348,q26,GTGGGCG,1,1,NH120
349,q26,GTTCATG,1,1,NH120
350,q26,GTTCGCG,1,1,NH120
351,q26,GTTCGTA,1,1,NH120
352,q26,GTTCGTT,1,1,NH120
353,q26,GTTGTTT,1,1,NH120
354,q26,TAACAAC,1,1,NH120
355,q26,TAACCAC,1,1,NH120
356,q26,TACCATT,1,1,NH120
357,q26,TACGCTC,1,1,NH120
358,q26,TAGACGT,1,1,NH120
359,q26,TAGAGCG,1,1,NH120
360,q26,TAGCAAT,1,1,NH120
361,q26,TAGGAAT,1,1,NH120
362,q26,TAGGGAG,1,1,NH120
363,q26,TAGGTGG,1,1,NH120
364,q26,TCAACCG,1,1,NH120
365,q26,TCACCAT,1,1,NH120
366,q26,TCAGCCA,1,1,NH120
367,q26,TCAGCCC,1,1,NH120
368,q26,TCATCCC,1,1,NH120
369,q26,TCATTGA,1,1,NH120
370,q26,TCCGCAC,1,1,NH120
371,q26,TCCGCTA,1,1,NH120
372,q26,TCCGCTT,1,1,NH120
373,q26,TCCGTCG,1,1,NH120
374,q26,TCGCGTT,1,1,NH120
375,q26,TCGGCGT,1,1,NH120
376,q26,TCGTGTT,1,1,NH120
377,q26,TCTACGT,1,1,NH120
378,q26,TGAAAGT,1,1,NH120
379,q26,TGAACGC,1,1,NH120
380,q26,TGAGACG,1,1,NH120
381,q26,TGATGTC,1,1,NH120
382,q26,TGCATAA,1,1,NH120
383,q26,TGCATTG,1,1,NH120
384,q26,TGCCAGA,1,1,NH120
385,q26,TGCCGTG,1,1,NH120
386,q26,TGCGCAA,1,1,NH120
387,q26,TGCGCCG,1,1,NH120
388,q26,TGCGTCA,1,1,NH120
389,q26,TGCTAAA,1,1,NH120
390,q26,TGCTCAT,1,1,NH120
391,q26,TGCTGGT,1,1,NH120
392,q26,TGCTTCA,1,1,NH120
393,q26,TGCTTCT,1,1,NH120
394,q26,TGGAAAT,1,1,NH120
395,q26,TGGACGC,1,1,NH120
396,q26,TGGCATA,1,1,NH120
397,q26,TGGGTGC,1,1,NH120
398,q26,TGGTACA,1,1,NH120
399,q26,TGGTAGA,1,1,NH120
400,q26,TGGTATG,1,1,NH120
401,q26,TGGTCAT,1,1,NH120
402,q26,TGGTCGA,1,1,NH120
403,q26,TGTACGG,1,1,NH120
404,q26,TGTAGTG,1,1,NH120
405,q26,TGTGAGG,1,1,NH120
406,q26,TGTGCAG,1,1,NH120
407,q26,TGTTGTA,1,1,NH120
408,q26,TGTTGTT,1,1,NH120
409,q26,TGTTTCG,1,1,NH120
410,q26,TTAATTG,1,1,NH120
411,q26,TTAGCTT,1,1,NH120
412,q26,TTATGTT,1,1,NH120
413,q26,TTATTAA,1,1,NH120
414,q26,TTATTCC,1,1,NH120
415,q26,TTCGCCA,1,1,NH120
416,q26,TTCGTTT,1,1,NH120
417,q26,TTCTCTT,1,1,NH120
418,q26,TTCTTTA,1,1,NH120
419,q26,TTCTTTC,1,1,NH120
420,q26,TTGATTA,1,1,NH120
421,q26,TTGATTC,1,1,NH120
422,q26,TTGGATC,1,1,NH120
423,q26,TTGGGCG,1,1,NH120
424,q26,TTGGTCC,1,1,NH120
425,q26,TTGTGTG,1,1,NH120
426,q26,TTGTTTC,1,1,NH120
427,q27,AGCTGCC,1,1,NH120
428,q27,CTGTTGT,1,1,NH120
429,q27,TGAGATG,1,1,NH120
430,q27,TTTTAAT,1,1,NH120
0,q26,CGGGTGC,82322,66705,NH001
1,q26,CGGGTAC,214,214,NH001
2,q26,CGGATGC,209,209,NH001
3,q26,CGAGTGC,69,69,NH001
4,q26,CGGGCGC,60,60,NH001
5,q26,TGGGTGC,41,41,NH001
6,q26,CGGGTGT,30,30,NH001
7,q26,CAGGTGC,13,13,NH001
8,q24,CGGGTGC,9,9,NH001
9,q26,CGGGTTC,7,7,NH001
10,q26,CGGGTCC,5,5,NH001
11,q26,AGGGTGC,4,4,NH001
12,q26,CGGGAGC,4,4,NH001
13,q26,CGGGTGA,4,4,NH001
14,q26,CTGGTGC,4,4,NH001
15,q26,ATGACGG,3,3,NH001
16,q26,CGGGGGC,3,3,NH001
17,q26,CGTGTGC,3,3,NH001
18,q19,CGGGTGC,2,2,NH001
19,q26,CGGATAC,2,2,NH001
20,q19,GAGACTC,1,1,NH001
21,q19,GATGTAC,1,1,NH001
22,q19,TTTCTCT,1,1,NH001
23,q25,ACTTGTG,1,1,NH001
24,q25,GGGTCGT,1,1,NH001
25,q26,CAGAATC,1,1,NH001
26,q26,CATCTTC,1,1,NH001
27,q26,CCGGTGC,1,1,NH001
28,q26,CCTGTCA,1,1,NH001
29,q26,CGAATGC,1,1,NH001
30,q26,CGAGTAC,1,1,NH001
31,q26,CGCGTGC,1,1,NH001
32,q26,CGGCTGC,1,1,NH001
33,q26,CGGGTGG,1,1,NH001
34,q26,CGGTTGC,1,1,NH001
35,q26,CTAGCTC,1,1,NH001
36,q26,GGGGTGC,1,1,NH001
37,q26,TAGCCAG,1,1,NH001
38,q26,TTTTAAT,1,1,NH001
39,q27,CGGGTGC,1,1,NH001
40,q27,GATTGGG,1,1,NH001
41,q27,GGACCGG,1,1,NH001
42,q27,GGATTCG,1,1,NH001
43,q27,TAGGGGG,1,1,NH001
44,q27,TCCGGTG,1,1,NH001
0,q26,CGGGTGC,24202,22680,NH005
1,q26,TGCAAGA,21768,20565,NH005
2,q26,CATCTTC,20666,19550,NH005
3,q26,ATGACGG,20322,19235,NH005
4,q26,AAACGTG,7331,7201,NH005
5,q26,CGGATGC,53,53,NH005
6,q26,CGGGTAC,46,46,NH005
7,q26,ATGACGA,23,23,NH005
8,q26,ATGACGT,23,23,NH005
9,q26,TGTAAGA,21,21,NH005
10,q26,AAACATG,20,20,NH005
11,q26,ATGATGG,19,19,NH005
12,q26,CGGGCGC,19,19,NH005
13,q26,CGAGTGC,14,14,NH005
14,q26,CATCTCC,13,13,NH005
15,q26,ATGACAG,11,11,NH005
16,q26,TGGGTGC,11,11,NH005
17,q26,CGGGTGT,10,10,NH005
18,q26,CATCATC,8,8,NH005
19,q26,TGCGAGA,8,8,NH005
20,q26,ATGGCGG,7,7,NH005
21,q26,CATCCTC,6,6,NH005
22,q24,CATCTTC,5,5,NH005
23,q26,TGCAAGG,5,5,NH005
24,q24,CGGGTGC,4,4,NH005
25,q24,TGCAAGA,4,4,NH005
26,q26,ATAACGG,3,3,NH005
27,q26,CACCTTC,3,3,NH005
28,q26,CATCGTC,3,3,NH005
29,q26,CATCTTT,3,3,NH005
30,q26,CATTTTC,3,3,NH005
31,q26,CGCAAGA,3,3,NH005
32,q26,CGGGTCC,3,3,NH005
33,q26,TACAAGA,3,3,NH005
34,q24,ATGACGG,2,2,NH005
35,q26,ACGACGG,2,2,NH005
36,q26,ATGACTG,2,2,NH005
37,q26,CGTCTTC,2,2,NH005
38,q26,TGAATGC,2,2,NH005
39,q27,CATCTTC,2,2,NH005
40,q19,CAAGCAA,1,1,NH005
41,q19,CGGGTGC,1,1,NH005
42,q19,CTTTGGC,1,1,NH005
43,q23,CATCTTC,1,1,NH005
44,q24,TGAATGG,1,1,NH005
45,q25,CATCTTC,1,1,NH005
46,q26,AAAAGTG,1,1,NH005
47,q26,AAACCTG,1,1,NH005
48,q26,AAACGTA,1,1,NH005
49,q26,AAACGTT,1,1,NH005
50,q26,AAATGTG,1,1,NH005
51,q26,AACCGTG,1,1,NH005
52,q26,AAGTCGT,1,1,NH005
53,q26,AATCGTG,1,1,NH005
54,q26,AATCTTC,1,1,NH005
55,q26,ACCGGTA,1,1,NH005
56,q26,ACGTGGG,1,1,NH005
57,q26,ACTACGC,1,1,NH005
58,q26,ACTGGTA,1,1,NH005
59,q26,AGGGGTT,1,1,NH005
60,q26,ATCACGG,1,1,NH005
61,q26,ATCAGGG,1,1,NH005
62,q26,ATCATTG,1,1,NH005
63,q26,ATCCCTG,1,1,NH005
64,q26,ATCGTTA,1,1,NH005
65,q26,ATGAAGG,1,1,NH005
66,q26,ATGACCG,1,1,NH005
67,q26,ATGACGC,1,1,NH005
68,q26,ATGAGGG,1,1,NH005
69,q26,ATGCCGG,1,1,NH005
70,q26,ATGGGAG,1,1,NH005
71,q26,ATGTCGG,1,1,NH005
72,q26,ATTAATT,1,1,NH005
73,q26,ATTACGG,1,1,NH005
74,q26,CAATCCT,1,1,NH005
75,q26,CAGGTGC,1,1,NH005
76,q26,CATCCGG,1,1,NH005
77,q26,CATCTAC,1,1,NH005
78,q26,CCATTCT,1,1,NH005
79,q26,CCGGTGC,1,1,NH005
80,q26,CCTAAGT,1,1,NH005
81,q26,CGCGTGC,1,1,NH005
82,q26,CGGGAGC,1,1,NH005
83,q26,CGGGATT,1,1,NH005
84,q26,CGGGGGC,1,1,NH005
85,q26,CGGGTGG,1,1,NH005
86,q26,CGGTTGC,1,1,NH005
87,q26,CGTCGAG,1,1,NH005
88,q26,CGTTTAC,1,1,NH005
89,q26,CTAACTT,1,1,NH005
90,q26,CTATACA,1,1,NH005
91,q26,CTCGCTA,1,1,NH005
92,q26,CTCTGTT,1,1,NH005
93,q26,CTCTTCT,1,1,NH005
94,q26,CTGATCT,1,1,NH005
95,q26,CTGGGGG,1,1,NH005
96,q26,CTGGTGC,1,1,NH005
97,q26,CTGTATC,1,1,NH005
98,q26,GATATCT,1,1,NH005
99,q26,GCTCCAG,1,1,NH005
100,q26,GGAGTGG,1,1,NH005
101,q26,GGCCTTG,1,1,NH005
102,q26,GGCGTGT,1,1,NH005
103,q26,GGGGAAG,1,1,NH005
104,q26,GGGGGTG,1,1,NH005
105,q26,GGGTAGG,1,1,NH005
106,q26,GGGTGTA,1,1,NH005
107,q26,GGTCGCG,1,1,NH005
108,q26,GGTGCCG,1,1,NH005
109,q26,GGTTCCA,1,1,NH005
110,q26,GTATGGT,1,1,NH005
111,q26,GTCGAGT,1,1,NH005
112,q26,GTCGCTC,1,1,NH005
113,q26,GTTAGTT,1,1,NH005
114,q26,TATTGTT,1,1,NH005
115,q26,TCCATTA,1,1,NH005
116,q26,TCGACGT,1,1,NH005
117,q26,TGAAGGA,1,1,NH005
118,q26,TGATTTT,1,1,NH005
119,q26,TGCAACA,1,1,NH005
120,q26,TGCAATA,1,1,NH005
121,q26,TGCAGGA,1,1,NH005
122,q26,TGCAGTA,1,1,NH005
123,q26,TGCATGA,1,1,NH005
124,q26,TGCGGTT,1,1,NH005
125,q26,TGCTAGA,1,1,NH005
126,q26,TGTAGGG,1,1,NH005
127,q26,TTTACAC,1,1,NH005
128,q26,TTTGCTA,1,1,NH005
129,q26,TTTTAAT,1,1,NH005
130,q26,TTTTCGC,1,1,NH005
131,q27,AAACGTG,1,1,NH005
132,q27,ATCATTT,1,1,NH005
133,q27,GGCTGGT,1,1,NH005
134,q27,GTGTGTT,1,1,NH005
135,q27,TCATGCG,1,1,NH005
136,q27,TGACGAC,1,1,NH005
137,q27,TGCAAGA,1,1,NH005
