,lesion_tissue_type,lesion_locus,lesion,x,y,z,weeks,barcode,cfu,barcode_dissem_type,barcode_id,max_lesion_z,lesion_dissem_type,lesion_id,present,molecs,percent_molecs
0,EP,EP,diaphragm01,-30.147486,-25.088652,-217.643005,18.0,q23 GTTGCCG,100.0,disseminated,5,-225.143005,disseminating,1,0,13838,100.0
1,Gran,LLL,LLL01,15.552523,-34.381859,-188.893005,3.0,q24 CATGACT,283.13574,contained,8,-188.893005,contained,2,0,20237,100.0
2,Gran,RLL,RLL02,-20.696985,-19.413469,-187.643005,3.0,q19 CGGCGGC,267.33753,contained,6,-187.643005,contained,3,0,14511,97.4284946959
3,Gran,RLL,RLL02,-20.696985,-19.413469,-187.643005,3.0,q19 GAGGGGG,267.33753,contained,7,-187.643005,contained,3,0,383,2.57150530415
4,Gran,RLL,RLL03,-11.88984,-22.312042,-191.393005,3.0,q24 GGCGGGT,19.24048,contained,9,-191.393005,contained,4,0,26038,100.0
5,Gran,RLL,RLL09,-21.087296,-14.329945,-196.393005,3.0,q19 GTCTTCA,240.5361,disseminated,1,-196.393005,disseminating,5,0,33829,83.5799876467
6,Gran,RLL,RLL09,-21.087296,-14.329945,-196.393005,3.0,q19 GTTTGTA,240.5361,contained,10,-196.393005,disseminating,5,0,6646,16.4200123533
7,Gran,RLL,RLL10,-30.201012,-25.861992,-196.393005,3.0,q19 GTCTTCA,91.745535,disseminated,1,-196.393005,disseminating,6,0,2298,8.58840677206
8,Gran,RLL,RLL10,-30.201012,-25.861992,-196.393005,3.0,q24 TAATCGA,91.745535,contained,11,-196.393005,disseminating,6,0,24459,91.4115932279
9,Gran,RLL,RLL11,-10.142541,-25.079914,-198.893005,3.0,q24 CTATAAA,141.56787,disseminated,2,-198.893005,disseminating,7,0,14830,100.0
10,Gran,RLL,RLL14,-26.911032,-26.125595,-201.393005,3.0,q24 CCTGGTT,47.18929,contained,14,-201.393005,contained,10,0,25974,100.0
11,Gran,RLL,RLL15,-25.045031,-20.315701,-201.393005,3.0,q19 ACCGGCG,35.3919675,contained,12,-201.393005,contained,8,0,33866,100.0
12,Gran,RLL,RLL16,-27.462637,-15.303177,-201.393005,3.0,q23 CGGCGGT,401.006295,contained,13,-201.393005,contained,9,0,28220,100.0
13,Gran,RLL,RLL18,-20.242592,-20.262907,-203.893005,4.0,q24 CTTGCAA,,contained,15,-203.893005,contained,11,0,31575,100.0
14,Gran,RLL,RLL23,-35.584553,-16.540745,-206.393005,3.0,q23 GCGTCGG,,disseminated,3,-206.393005,disseminating,12,0,23426,100.0
15,Gran,RLL,RLL26,-30.602612,-28.349504,-210.143005,3.0,q23 GAGCCGT,,contained,16,-210.143005,contained,13,0,31349,100.0
16,Gran,RLL,RLL29,-16.658054,-19.840193,-215.143005,3.0,q23 CACCCTT,386.575875,disseminated,4,-215.143005,disseminating,15,0,32715,100.0
17,Gran,RLL,RLL30,-20.540789,-11.908337,-215.143005,3.0,q23 GTTCACC,377.51432,contained,18,-215.143005,contained,17,0,25414,100.0
18,Gran,RLL,RLL31,-24.661636,-12.774887,-215.143005,3.0,q19 TATCTCG,94.37858,contained,17,-215.143005,contained,16,0,17000,100.0
19,Gran,RLL,RLL32,-27.385815,-16.548756,-215.143005,3.0,q24 GATTCGG,122.32738,contained,19,-215.143005,contained,18,0,21273,100.0
20,Gran,RLL,RLL33,-22.905602,-25.032217,-215.143005,3.0,q19 GTCTTCA,122.32738,disseminated,1,-196.393005,disseminating,14,0,19038,100.0
21,Gran,RLL,RLL35,-27.584248,-21.133831,-222.643005,3.0,q24 TCGTCAA,550.47321,contained,20,-222.643005,contained,19,0,18233,100.0
22,Gran,RLL,RLL36,-14.898742,-22.802486,-225.143005,3.0,q23 GTTGCCG,7574.56335,disseminated,5,-225.143005,disseminating,20,0,17128,100.0
23,Gran,RLL,RLL37,-16.437775,-17.190292,-225.143005,3.0,q19 ATTATAC,652.8837,contained,21,-225.143005,contained,21,0,28359,100.0
24,LN,LN,R Cranial HLN,-18.766909,-32.750706,-136.393005,3.0,q23 CACCCTT,240.0,disseminated,4,-215.143005,disseminating,25,0,33975,51.3993948563
25,LN,LN,R Cranial HLN,-18.766909,-32.750706,-136.393005,3.0,q19 GTCTTCA,240.0,disseminated,1,-196.393005,disseminating,25,0,2944,4.45385779123
26,LN,LN,R Cranial HLN,-18.766909,-32.750706,-136.393005,3.0,q24 TGTTGCT,240.0,contained,22,-inf,disseminating,25,0,29181,44.1467473525
27,Gran,RLL,RLLB,-inf,-inf,-inf,,q19 GTCTTCA,4.81012,disseminated,1,-196.393005,disseminating,22,0,27790,100.0
28,Gran,RLL,RLLC,-inf,-inf,-inf,,q23 GCGTCGG,94.37858,disseminated,3,-206.393005,disseminating,24,0,18485,100.0
29,Gran,RLL,RLLE,-inf,-inf,-inf,,q24 CTATAAA,489.30952,disseminated,2,-198.893005,disseminating,23,0,287,1.28728414443
30,Gran,RLL,RLLE,-inf,-inf,-inf,,q23 GCGTCGG,489.30952,disseminated,3,-206.393005,disseminating,23,0,22008,98.7127158556
